"","IGOI.Open","IGOI.High","IGOI.Low","IGOI.Close","IGOI.Volume","IGOI.Adjusted"
"1",5,5,4,4,800,4
"2",3.9,3.9,3.9,3.9,200,3.9
"3",3.9,3.9,3.9,3.9,0,3.9
"4",3.9,3.9,3.9,3.9,0,3.9
"5",3.9,3.9,3.9,3.9,0,3.9
"6",3.13,3.15,3.13,3.15,900,3.15
"7",3.22,3.43,3.22,3.4,8200,3.4
"8",3.43,3.43,3.2,3.2,3300,3.2
"9",3.22,3.22,3.21,3.21,900,3.21
"10",3.25,3.25,3.2,3.2,300,3.2
"11",3.2,3.2,3.2,3.2,0,3.2
"12",3.2,3.2,3.2,3.2,0,3.2
"13",3.44,3.44,3.25,3.25,200,3.25
"14",3.2,3.2,3.2,3.2,900,3.2
"15",3.2,3.2,3.2,3.2,1000,3.2
"16",NA,NA,NA,NA,NA,NA
"17",3.2,3.2,3.2,3.2,700,3.2
"18",3.2,3.2,3.2,3.2,0,3.2
"19",3.2,3.2,3.1,3.15,5700,3.15
"20",3.15,3.15,3.15,3.15,0,3.15
"21",3.18,3.18,3.18,3.18,900,3.18
"22",3.15,3.15,3.12,3.12,2000,3.12
"23",3.12,3.12,3.12,3.12,0,3.12
"24",3.4,3.4,3.2,3.2,1100,3.2
"25",3.2,3.2,3.2,3.2,0,3.2
"26",3.2,3.2,3.2,3.2,0,3.2
"27",3.2,3.2,3.2,3.2,0,3.2
"28",3.2,3.37,3.2,3.37,1900,3.37
"29",3.37,3.37,3.13,3.15,2100,3.15
"30",3.39,3.44,3.39,3.44,1000,3.44
"31",3.44,3.44,3.44,3.44,0,3.44
"32",3.44,3.44,3.44,3.44,0,3.44
"33",3.38,3.38,3.38,3.38,200,3.38
"34",3.38,3.38,3.38,3.38,0,3.38
"35",3.3,3.38,3.25,3.38,800,3.38
"36",3.38,3.38,3.38,3.38,0,3.38
"37",3.38,3.38,3.38,3.38,0,3.38
"38",3.25,3.4,3.25,3.4,8100,3.4
"39",3.15,3.49,3.15,3.49,2100,3.49
"40",3.2,3.3,3.12,3.3,8500,3.3
"41",3.2,3.2,3.2,3.2,100,3.2
"42",3.15,3.2,3.15,3.2,600,3.2
"43",3.2,3.2,3.2,3.2,500,3.2
"44",3.2,3.2,3.2,3.2,0,3.2
"45",3.2,3.2,3.16,3.16,500,3.16
"46",3.2,3.2,3.2,3.2,1000,3.2
"47",3.2,3.2,3.2,3.2,0,3.2
"48",3.2,3.2,3.2,3.2,0,3.2
"49",3.2,3.2,3.2,3.2,0,3.2
"50",3.2,3.2,3.15,3.15,1500,3.15
"51",3.14,3.15,3.14,3.15,2000,3.15
"52",3.2,3.2,3.2,3.2,7500,3.2
"53",3.2,3.2,3.2,3.2,0,3.2
"54",3.15,3.15,3.1,3.1,11900,3.1
"55",3.2,3.2,3.2,3.2,200,3.2
"56",3.08,3.08,3.05,3.05,2100,3.05
"57",3.05,3.05,3.05,3.05,0,3.05
"58",3.05,3.05,3.05,3.05,0,3.05
"59",3.1,3.1,3.1,3.1,700,3.1
"60",3.1,3.1,3.1,3.1,2000,3.1
"61",3.1,3.1,3.1,3.1,0,3.1
"62",3.1,3.1,3.05,3.05,1300,3.05
"63",3.05,3.05,3.05,3.05,800,3.05
"64",3.05,3.05,3.03,3.03,6400,3.03
"65",3,3,3,3,200,3
"66",3,3,3,3,0,3
"67",3.15,3.15,3.15,3.15,300,3.15
"68",3,3,3,3,1000,3
"69",3.3,3.3,3.3,3.3,1000,3.3
"70",3.25,3.4,3.25,3.4,1000,3.4
"71",3.4,3.4,3.39,3.39,600,3.39
"72",2.92,3.39,2.92,3.2,5500,3.2
"73",3.34,3.34,3.34,3.34,500,3.34
"74",3.34,3.34,3.34,3.34,0,3.34
"75",3.15,3.22,3.15,3.22,1100,3.22
"76",3.22,3.22,3.22,3.22,0,3.22
"77",3.25,3.25,3.15,3.15,400,3.15
"78",3.15,3.2,3.15,3.2,1000,3.2
"79",3.2,3.2,3.2,3.2,300,3.2
"80",3,3.1,3,3.1,2200,3.1
"81",3.1,3.1,3.1,3.1,0,3.1
"82",3.1,3.1,3.1,3.1,0,3.1
"83",3.1,3.1,3.1,3.1,0,3.1
"84",3.1,3.1,3.1,3.1,0,3.1
"85",3,3,3,3,300,3
"86",3,3,3,3,0,3
"87",3,3,3,3,0,3
"88",3,3,3,3,0,3
"89",3,3,3,3,0,3
"90",2.91,3,2.91,3,1500,3
"91",3,3,3,3,0,3
"92",2.92,2.96,2.92,2.96,4000,2.96
"93",2.96,2.96,2.96,2.96,0,2.96
"94",2.96,2.96,2.96,2.96,0,2.96
"95",2.96,2.96,2.96,2.96,0,2.96
"96",3.09,3.09,2.91,2.93,2400,2.93
"97",2.98,2.98,2.91,2.91,1400,2.91
"98",2.91,2.91,2.91,2.91,1000,2.91
"99",2.91,2.91,2.91,2.91,0,2.91
"100",2.85,2.85,2.85,2.85,500,2.85
"101",2.85,2.85,2.85,2.85,0,2.85
"102",2.61,2.85,2.61,2.85,300,2.85
"103",2.85,2.85,2.61,2.85,4900,2.85
"104",2.84,2.84,2.84,2.84,100,2.84
"105",2.61,2.61,2.51,2.51,11800,2.51
"106",2.51,2.51,2.5,2.51,10000,2.51
"107",2.51,2.51,2.51,2.51,0,2.51
"108",2.6,2.6,2.6,2.6,40000,2.6
"109",2.58,2.58,2.58,2.58,500,2.58
"110",2.41,2.41,2.41,2.41,200,2.41
"111",2.35,2.35,2.22,2.22,3900,2.22
"112",2.55,2.55,2.22,2.5,5600,2.5
"113",2.5,2.5,2.5,2.5,100,2.5
"114",2.51,2.6,2.51,2.59,6500,2.59
"115",2.55,2.6,2.55,2.6,19300,2.6
"116",2.95,2.95,2.6,2.6,1600,2.6
"117",2.6,2.83,2.6,2.83,500,2.83
"118",2.83,2.83,2.83,2.83,0,2.83
"119",2.83,2.83,2.83,2.83,0,2.83
"120",2.83,2.83,2.83,2.83,0,2.83
"121",2.83,2.83,2.83,2.83,0,2.83
"122",2.7,2.7,2.55,2.55,1500,2.55
"123",2.55,2.55,2.55,2.55,0,2.55
"124",2.56,2.56,2.56,2.56,300,2.56
"125",2.56,2.56,2.56,2.56,0,2.56
"126",2.56,2.56,2.56,2.56,0,2.56
"127",2.6,2.6,2.6,2.6,300,2.6
"128",2.6,2.6,2.6,2.6,0,2.6
"129",2.6,2.6,2.6,2.6,0,2.6
"130",2.6,2.6,2.6,2.6,0,2.6
"131",2.6,2.6,2.6,2.6,0,2.6
"132",2.6,2.6,2.6,2.6,0,2.6
"133",2.6,2.6,2.6,2.6,0,2.6
"134",2.7,2.7,2.7,2.7,1400,2.7
"135",2.7,2.7,2.7,2.7,0,2.7
"136",2.7,2.7,2.7,2.7,0,2.7
"137",2.7,2.7,2.7,2.7,0,2.7
"138",2.7,2.7,2.7,2.7,0,2.7
"139",2.7,2.7,2.7,2.7,0,2.7
"140",2.65,2.69,2.65,2.69,1400,2.69
"141",2.69,2.69,2.69,2.69,0,2.69
"142",2.7,2.88,2.7,2.75,2700,2.75
"143",2.6,2.6,2.6,2.6,100,2.6
"144",2.6,2.6,2.6,2.6,100,2.6
"145",2.6,2.6,2.6,2.6,0,2.6
"146",2.6,2.6,2.6,2.6,0,2.6
"147",2.35,2.69,2.35,2.69,1900,2.69
"148",2.69,2.69,2.69,2.69,0,2.69
"149",2.75,2.75,2.7,2.7,500,2.7
"150",2.7,2.7,2.7,2.7,0,2.7
"151",2.6,2.6,2.6,2.6,700,2.6
"152",2.6,2.6,2.6,2.6,0,2.6
"153",2.6,2.6,2.6,2.6,0,2.6
"154",2.6,2.6,2.6,2.6,1500,2.6
"155",2.6,2.6,2.6,2.6,0,2.6
"156",2.6,2.6,2.6,2.6,0,2.6
"157",2.7,2.7,2.5,2.5,1600,2.5
"158",2.5,2.5,2.5,2.5,0,2.5
"159",2.5,2.5,2.5,2.5,0,2.5
"160",2.5,2.51,2.5,2.51,2200,2.51
"161",2.52,2.53,2.5,2.5,1900,2.5
"162",2.5,2.5,2.5,2.5,0,2.5
"163",2.53,2.65,2.53,2.65,1000,2.65
"164",2.65,2.65,2.65,2.65,0,2.65
"165",2.65,2.65,2.65,2.65,0,2.65
"166",2.65,2.65,2.65,2.65,0,2.65
"167",2.64,2.64,2.526,2.64,700,2.64
"168",2.64,2.64,2.64,2.64,100,2.64
"169",2.64,2.64,2.64,2.64,100,2.64
"170",2.64,2.64,2.64,2.64,100,2.64
"171",2.64,2.64,2.64,2.64,600,2.64
"172",2.64,2.64,2.64,2.64,200,2.64
"173",2.64,2.64,2.64,2.64,0,2.64
"174",2.64,2.64,2.64,2.64,0,2.64
"175",2.64,2.64,2.64,2.64,0,2.64
"176",2.54,2.54,2.54,2.54,300,2.54
"177",2.54,2.54,2.53,2.53,500,2.53
"178",2.53,2.53,2.53,2.53,300,2.53
"179",2.53,2.53,2.53,2.53,0,2.53
"180",2.53,2.53,2.53,2.53,0,2.53
"181",2.53,2.64,2.53,2.64,700,2.64
"182",2.56,2.65,2.56,2.65,5200,2.65
"183",2.65,2.65,2.65,2.65,0,2.65
"184",2.51,2.57,2.5,2.57,5400,2.57
"185",2.57,2.57,2.57,2.57,0,2.57
"186",2.58,2.58,2.58,2.58,200,2.58
"187",2.65,2.65,2.65,2.65,400,2.65
"188",2.65,2.65,2.65,2.65,100,2.65
"189",2.65,2.65,2.65,2.65,900,2.65
"190",2.65,2.65,2.65,2.65,3000,2.65
"191",2.65,2.65,2.65,2.65,0,2.65
"192",2.75,2.75,2.75,2.75,1000,2.75
"193",2.75,2.77,2.75,2.77,8500,2.77
"194",2.77,2.77,2.77,2.77,1000,2.77
"195",2.77,2.77,2.72,2.77,500,2.77
"196",2.73,2.85,2.73,2.83,23500,2.83
"197",2.83,2.83,2.83,2.83,0,2.83
"198",2.8,2.88,2.7,2.7,7200,2.7
"199",2.79,2.8,2.79,2.8,5200,2.8
"200",2.8,2.8,2.8,2.8,0,2.8
"201",2.8,2.8,2.8,2.8,0,2.8
"202",2.8,2.8,2.8,2.8,0,2.8
"203",2.8,2.8,2.8,2.8,5800,2.8
"204",2.8,2.8,2.8,2.8,2800,2.8
"205",2.8,2.8,2.8,2.8,0,2.8
"206",2.84,2.85,2.76,2.76,2700,2.76
"207",2.76,2.76,2.76,2.76,0,2.76
"208",2.76,2.76,2.76,2.76,0,2.76
"209",2.86,2.86,2.86,2.86,800,2.86
"210",2.86,2.86,2.86,2.86,0,2.86
"211",2.86,2.86,2.86,2.86,0,2.86
"212",2.86,2.86,2.86,2.86,0,2.86
"213",2.98,3,2.96,3,5200,3
"214",3,3,3,3,4000,3
"215",3,3,3,3,0,3
"216",3.04,3.04,3.04,3.04,300,3.04
"217",3.04,3.04,3.04,3.04,0,3.04
"218",3.04,3.04,3.04,3.04,0,3.04
"219",3.04,3.04,3.04,3.04,0,3.04
"220",3,3,3,3,1000,3
"221",3,3,2.95,2.95,800,2.95
"222",2.95,2.95,2.95,2.95,0,2.95
"223",2.95,2.95,2.95,2.95,0,2.95
"224",2.95,2.95,2.95,2.95,0,2.95
"225",2.99,3.03,2.99,3.03,3800,3.03
"226",3.01,3.01,2.9,2.96,1800,2.96
"227",2.96,2.96,2.96,2.96,800,2.96
"228",3,3,3,3,8000,3
"229",3,3,3,3,0,3
"230",3,3,2.96,2.96,1800,2.96
"231",2.96,2.96,2.96,2.96,0,2.96
"232",2.96,2.96,2.96,2.96,1100,2.96
"233",2.96,2.96,2.96,2.96,0,2.96
"234",2.96,2.96,2.96,2.96,200,2.96
"235",2.9,2.9,2.9,2.9,300,2.9
"236",2.9,2.9,2.9,2.9,400,2.9
"237",2.9,2.9,2.9,2.9,0,2.9
"238",3.05,3.05,3.05,3.05,100,3.05
"239",2.91,2.91,2.88,2.88,700,2.88
"240",2.88,2.88,2.88,2.88,600,2.88
"241",2.9,2.9,2.9,2.9,1200,2.9
"242",2.9,2.9,2.9,2.9,0,2.9
"243",2.91,2.91,2.91,2.91,600,2.91
"244",2.91,2.91,2.91,2.91,0,2.91
"245",2.91,2.91,2.91,2.91,0,2.91
"246",2.97,2.98,2.95,2.95,4100,2.95
"247",2.95,2.95,2.91,2.91,2700,2.91
"248",2.92,2.92,2.92,2.92,500,2.92
"249",2.97,2.97,2.97,2.97,1300,2.97
"250",2.95,3.1,2.95,3.1,1500,3.1
"251",3.1,3.1,2.92,3,2000,3
"252",3.13,3.25,3.13,3.25,1000,3.25
"253",3.2,3.2,3.2,3.2,1000,3.2
"254",3.2,3.2,3.2,3.2,1000,3.2
"255",3.2,3.2,3,3,4300,3
"256",3.01,3.105,2.92,2.92,2900,2.92
"257",2.94,2.94,2.92,2.92,2600,2.92
"258",3,3,3,3,600,3
"259",3.22,3.22,3.22,3.22,700,3.22
"260",3.2,3.2,3.15,3.15,2500,3.15
"261",3.23,3.23,3.2,3.2,800,3.2
"262",3.15,3.15,3.1,3.15,600,3.15
"263",3.15,3.15,3.15,3.15,200,3.15
"264",3.1,3.1,3.1,3.1,400,3.1
"265",3.1,3.1,3.1,3.1,0,3.1
"266",3.1,3.1,3.1,3.1,0,3.1
"267",3.1,3.1,3.1,3.1,0,3.1
"268",3.1,3.1,3.1,3.1,0,3.1
"269",3.1,3.1,3.1,3.1,1500,3.1
"270",3.1,3.1,3.1,3.1,0,3.1
"271",3.1,3.1,3.1,3.1,0,3.1
"272",3.1,3.1,3.1,3.1,0,3.1
"273",3.23,3.23,3.23,3.23,100,3.23
"274",3.05,3.05,3,3.02,2900,3.02
"275",3.13,3.13,3.13,3.13,100,3.13
"276",3.03,3.1,3.02,3.02,1100,3.02
"277",3.02,3.02,3.02,3.02,200,3.02
"278",3.02,3.23,3.02,3.23,4800,3.23
"279",3.1,3.1,3.1,3.1,500,3.1
"280",3.1,3.1,3.1,3.1,0,3.1
"281",3.23,3.25,3.11,3.11,3600,3.11
"282",3.11,3.11,3.11,3.11,3200,3.11
"283",3.5,3.5,3.15,3.15,3100,3.15
"284",3.3,3.3,3.3,3.3,100,3.3
"285",3.3,3.3,3.3,3.3,0,3.3
"286",3.3,3.3,3.2,3.2,600,3.2
"287",3.2,3.35,3.15,3.16,2300,3.16
"288",3.16,3.16,3.16,3.16,0,3.16
"289",3.16,3.16,3.16,3.16,0,3.16
"290",3.16,3.16,3.16,3.16,0,3.16
"291",3.16,3.16,3.16,3.16,0,3.16
"292",3.13,3.13,3.13,3.13,4400,3.13
"293",3.28,3.28,3.28,3.28,200,3.28
"294",3.28,3.28,3.28,3.28,0,3.28
"295",3.28,3.28,3.28,3.28,0,3.28
"296",3.28,3.28,3.28,3.28,0,3.28
"297",3.28,3.28,3.28,3.28,0,3.28
"298",3.2,3.3,3.15,3.3,1200,3.3
"299",3.2,3.2,3.2,3.2,3400,3.2
"300",3.2,3.2,3.19,3.19,2500,3.19
"301",3.19,3.19,3.19,3.19,0,3.19
"302",3.19,3.19,3.15,3.15,900,3.15
"303",3.15,3.15,3.15,3.15,0,3.15
"304",3.15,3.15,3.15,3.15,600,3.15
"305",3.15,3.15,3.15,3.15,0,3.15
"306",3.15,3.15,3.15,3.15,0,3.15
"307",3.15,3.15,3.15,3.15,0,3.15
"308",3.15,3.15,3.15,3.15,0,3.15
"309",3.15,3.15,3.15,3.15,6000,3.15
"310",3.2,3.35,3.2,3.2,5500,3.2
"311",3.2,3.2,3.2,3.2,0,3.2
"312",3.33,3.33,3.33,3.33,3200,3.33
"313",3.33,3.33,3.33,3.33,0,3.33
"314",3.33,3.33,3.33,3.33,0,3.33
"315",3.33,3.33,3.33,3.33,0,3.33
"316",3.33,3.35,3.33,3.35,1000,3.35
"317",3.35,3.35,3.35,3.35,0,3.35
"318",3.21,3.21,3.21,3.21,900,3.21
"319",3.15,3.15,3.15,3.15,500,3.15
"320",3.15,3.15,3.15,3.15,0,3.15
"321",3.15,3.15,3.15,3.15,0,3.15
"322",3.15,3.15,3.15,3.15,0,3.15
"323",3.15,3.15,3.15,3.15,0,3.15
"324",3.15,3.15,3.15,3.15,0,3.15
"325",3.15,3.15,3.15,3.15,0,3.15
"326",3.15,3.15,3.15,3.15,0,3.15
"327",3.15,3.15,3.15,3.15,100,3.15
"328",3.15,3.3,3.15,3.15,1000,3.15
"329",3.15,3.15,3.15,3.15,0,3.15
"330",3.15,3.15,3.15,3.15,0,3.15
"331",3.15,3.15,3.15,3.15,0,3.15
"332",3.15,3.15,3.15,3.15,0,3.15
"333",3.15,3.15,3.15,3.15,1600,3.15
"334",3.15,3.15,3.15,3.15,0,3.15
"335",3.15,3.15,3.15,3.15,0,3.15
"336",3.15,3.15,3.15,3.15,0,3.15
"337",3.15,3.15,3.15,3.15,0,3.15
"338",3.15,3.15,3.15,3.15,0,3.15
"339",3.15,3.15,3.15,3.15,0,3.15
"340",3.1,3.1,3.02,3.02,14800,3.02
"341",3.08,3.08,3.08,3.08,300,3.08
"342",3.08,3.08,3.08,3.08,0,3.08
"343",3.08,3.08,3.08,3.08,0,3.08
"344",3.08,3.08,3.08,3.08,0,3.08
"345",3.08,3.08,3.08,3.08,0,3.08
"346",2.95,2.95,2.92,2.92,4700,2.92
"347",2.92,2.92,2.92,2.92,0,2.92
"348",2.92,2.92,2.92,2.92,0,2.92
"349",2.92,2.92,2.92,2.92,0,2.92
"350",3.05,3.1,3.05,3.1,1600,3.1
"351",3.05,3.05,3,3,8400,3
"352",3.05,3.05,3,3.01,6400,3.01
"353",3.01,3.01,3.01,3.01,0,3.01
"354",3.01,3.01,3.01,3.01,0,3.01
"355",3.01,3.01,3.01,3.01,0,3.01
"356",3.01,3.01,3.01,3.01,0,3.01
"357",3.02,3.02,3,3,1700,3
"358",3,3,3,3,100,3
"359",3,3,3,3,0,3
"360",3,3,3,3,400,3
"361",3,3,3,3,900,3
"362",3,3,3,3,0,3
"363",3,3,3,3,0,3
"364",3,3,3,3,0,3
"365",2.93,2.942,2.93,2.93,900,2.93
"366",2.93,2.93,2.93,2.93,0,2.93
"367",2.93,2.93,2.93,2.93,0,2.93
"368",2.93,2.93,2.93,2.93,300,2.93
"369",2.93,2.93,2.82,2.82,8600,2.82
"370",2.85,2.9,2.85,2.9,400,2.9
"371",2.85,2.85,2.85,2.85,3500,2.85
"372",2.85,2.85,2.85,2.85,1200,2.85
"373",2.85,2.85,2.85,2.85,0,2.85
"374",2.85,2.85,2.85,2.85,0,2.85
"375",2.85,2.85,2.85,2.85,0,2.85
"376",2.82,2.82,2.811,2.82,700,2.82
"377",2.82,2.82,2.82,2.82,500,2.82
"378",2.82,2.82,2.82,2.82,0,2.82
"379",2.82,2.82,2.82,2.82,0,2.82
"380",2.82,2.82,2.82,2.82,0,2.82
"381",2.8,2.8,2.8,2.8,1000,2.8
"382",2.8,2.8,2.8,2.8,500,2.8
"383",2.8,2.8,2.8,2.8,0,2.8
"384",2.8,2.8,2.8,2.8,0,2.8
"385",2.8,2.8,2.76,2.76,1500,2.76
"386",2.76,2.76,2.76,2.76,0,2.76
"387",2.76,2.76,2.76,2.76,0,2.76
"388",2.76,2.76,2.76,2.76,0,2.76
"389",2.61,2.61,2.61,2.61,200,2.61
"390",2.61,2.61,2.61,2.61,0,2.61
"391",2.61,2.61,2.61,2.61,0,2.61
"392",2.61,2.61,2.61,2.61,0,2.61
"393",2.61,2.61,2.61,2.61,0,2.61
"394",2.65,2.65,2.61,2.65,14100,2.65
"395",2.65,2.65,2.65,2.65,0,2.65
"396",2.6,2.6,2.6,2.6,400,2.6
"397",2.635,2.635,2.635,2.635,1000,2.635
"398",2.635,2.635,2.635,2.635,0,2.635
"399",2.635,2.635,2.635,2.635,0,2.635
"400",2.635,2.635,2.635,2.635,0,2.635
"401",2.635,2.635,2.635,2.635,0,2.635
"402",2.635,2.635,2.635,2.635,0,2.635
"403",2.635,2.635,2.635,2.635,0,2.635
"404",2.635,2.635,2.635,2.635,0,2.635
"405",2.635,2.635,2.635,2.635,0,2.635
"406",2.635,2.635,2.635,2.635,0,2.635
"407",2.635,2.635,2.635,2.635,0,2.635
"408",2.635,2.635,2.635,2.635,0,2.635
"409",2.635,2.635,2.635,2.635,0,2.635
"410",2.75,3.08,2.75,3.08,1100,3.08
"411",2.55,2.76,2.55,2.76,1800,2.76
"412",2.77,2.77,2.75,2.75,5700,2.75
"413",2.67,2.67,2.67,2.67,200,2.67
"414",2.67,2.67,2.67,2.67,0,2.67
"415",2.67,2.67,2.67,2.67,0,2.67
"416",2.67,2.67,2.67,2.67,0,2.67
"417",2.67,2.67,2.67,2.67,0,2.67
"418",3,3,3,3,600,3
"419",3,3,3,3,0,3
"420",3,3,3,3,0,3
"421",2.67,2.67,2.67,2.67,300,2.67
"422",2.67,2.67,2.67,2.67,0,2.67
"423",3.1,3.1,3.1,3.1,100,3.1
"424",3.2,3.2,3.2,3.2,100,3.2
"425",2.8,2.8,2.8,2.8,76200,2.8
"426",2.8,2.8,2.8,2.8,0,2.8
"427",2.8,2.8,2.8,2.8,0,2.8
"428",2.8,2.8,2.8,2.8,0,2.8
"429",2.8,2.8,2.8,2.8,0,2.8
"430",2.8,2.8,2.8,2.8,0,2.8
"431",2.8,2.8,2.8,2.8,0,2.8
"432",2.8,2.8,2.8,2.8,0,2.8
"433",2.8,2.8,2.8,2.8,0,2.8
"434",2.8,2.8,2.8,2.8,0,2.8
"435",2.8,2.8,2.8,2.8,0,2.8
"436",2.7,2.7,2.7,2.7,3500,2.7
"437",2.7,2.7,2.7,2.7,0,2.7
"438",2.7,2.7,2.7,2.7,0,2.7
"439",2.7,2.7,2.7,2.7,0,2.7
"440",2.7,2.7,2.7,2.7,0,2.7
"441",2.85,2.85,2.75,2.75,800,2.75
"442",2.75,2.75,2.75,2.75,0,2.75
"443",2.75,3.05,2.75,3.05,2300,3.05
"444",2.8,2.8,2.73,2.75,2100,2.75
"445",2.75,2.75,2.75,2.75,0,2.75
"446",2.75,2.75,2.75,2.75,800,2.75
"447",2.75,2.75,2.75,2.75,0,2.75
"448",2.75,2.75,2.75,2.75,400,2.75
"449",2.75,2.75,2.75,2.75,0,2.75
"450",2.75,2.75,2.75,2.75,0,2.75
"451",3,3,3,3,100,3
"452",3,3,3,3,0,3
"453",3,3,3,3,0,3
"454",3,3,3,3,0,3
"455",3,3,3,3,0,3
"456",3,3,3,3,0,3
"457",2.8,2.8,2.8,2.8,1000,2.8
"458",2.8,2.8,2.8,2.8,0,2.8
"459",2.8,2.8,2.8,2.8,0,2.8
"460",2.8,2.8,2.8,2.8,0,2.8
"461",2.8,2.8,2.8,2.8,0,2.8
"462",2.878,2.878,2.878,2.878,200,2.878
"463",2.878,2.878,2.878,2.878,0,2.878
"464",2.878,2.878,2.878,2.878,0,2.878
"465",2.878,2.878,2.878,2.878,0,2.878
"466",2.86,2.86,2.86,2.86,200,2.86
"467",2.86,2.86,2.86,2.86,0,2.86
"468",2.86,2.86,2.86,2.86,0,2.86
"469",2.86,2.86,2.86,2.86,0,2.86
"470",2.86,2.86,2.86,2.86,0,2.86
"471",2.86,2.86,2.86,2.86,0,2.86
"472",2.86,2.86,2.86,2.86,0,2.86
"473",2.86,2.86,2.86,2.86,0,2.86
"474",2.86,2.86,2.86,2.86,0,2.86
"475",2.824,2.824,2.824,2.824,400,2.824
"476",2.81,2.81,2.81,2.81,1200,2.81
"477",2.75,2.75,2.74,2.74,5000,2.74
"478",2.74,2.74,2.74,2.74,5000,2.74
"479",2.74,2.74,2.74,2.74,0,2.74
"480",2.71,2.71,2.71,2.71,2500,2.71
"481",2.7,2.7,2.65,2.65,7500,2.65
"482",2.65,2.65,2.65,2.65,0,2.65
"483",2.6,2.6,2.6,2.6,1300,2.6
"484",2.6,2.6,2.6,2.6,0,2.6
"485",2.6,2.6,2.6,2.6,0,2.6
"486",2.6,2.6,2.6,2.6,3700,2.6
"487",2.6,2.6,2.6,2.6,0,2.6
"488",2.6,2.6,2.6,2.6,0,2.6
"489",2.6,2.6,2.6,2.6,0,2.6
"490",2.6,2.6,2.6,2.6,100,2.6
"491",2.6,2.6,2.6,2.6,0,2.6
"492",2.6,2.6,2.6,2.6,0,2.6
"493",2.96,2.96,2.96,2.96,200,2.96
"494",2.55,2.55,2.54,2.55,15200,2.55
"495",2.56,2.56,2.56,2.56,300,2.56
"496",2.56,2.56,2.56,2.56,0,2.56
"497",2.594,2.594,2.354,2.354,1300,2.354
"498",2.354,2.354,2.354,2.354,0,2.354
"499",2.354,2.354,2.354,2.354,0,2.354
"500",2.35,2.35,2.31,2.31,69100,2.31
"501",2.32,2.33,2.31,2.33,97800,2.33
"502",2.34,2.34,2.32,2.33,46500,2.33
"503",2.33,2.35,2.33,2.35,60700,2.35
"504",2.35,2.35,2.35,2.35,0,2.35
"505",2.35,2.35,2.35,2.35,0,2.35
"506",2.48,2.48,2.48,2.48,400,2.48
"507",2.48,2.48,2.48,2.48,500,2.48
"508",2.48,2.48,2.48,2.48,0,2.48
"509",2.71,2.71,2.71,2.71,1000,2.71
"510",2.71,2.71,2.71,2.71,0,2.71
"511",2.71,2.71,2.71,2.71,0,2.71
"512",2.71,2.71,2.71,2.71,0,2.71
"513",2.71,2.71,2.71,2.71,0,2.71
"514",2.71,2.71,2.71,2.71,0,2.71
"515",2.71,2.71,2.71,2.71,0,2.71
"516",2.71,2.71,2.71,2.71,0,2.71
"517",2.7,2.71,2.7,2.7,5500,2.7
"518",2.685,2.7,2.685,2.7,2500,2.7
"519",2.74,2.74,2.55,2.55,900,2.55
"520",2.55,2.55,2.55,2.55,0,2.55
"521",2.6,2.6,2.6,2.6,1300,2.6
"522",2.62,2.62,2.62,2.62,2300,2.62
"523",2.62,2.62,2.62,2.62,0,2.62
"524",2.62,2.62,2.62,2.62,0,2.62
"525",2.62,2.62,2.62,2.62,0,2.62
"526",2.62,2.62,2.62,2.62,0,2.62
"527",2.66,2.668,2.66,2.668,500,2.668
"528",2.668,2.668,2.668,2.668,0,2.668
"529",2.668,2.668,2.668,2.668,0,2.668
"530",2.668,2.668,2.668,2.668,0,2.668
"531",2.668,2.668,2.668,2.668,0,2.668
"532",2.734,2.734,2.734,2.734,300,2.734
"533",2.734,2.74,2.734,2.74,5800,2.74
"534",2.75,2.75,2.75,2.75,200,2.75
"535",2.749,2.75,2.749,2.75,600,2.75
"536",2.75,2.75,2.75,2.75,2000,2.75
"537",2.75,2.75,2.75,2.75,0,2.75
"538",2.75,2.75,2.75,2.75,0,2.75
"539",2.67,2.75,2.67,2.75,2900,2.75
"540",2.75,2.75,2.75,2.75,0,2.75
"541",2.75,2.75,2.75,2.75,0,2.75
"542",2.75,2.75,2.75,2.75,0,2.75
"543",2.75,2.75,2.75,2.75,0,2.75
"544",2.75,2.75,2.75,2.75,1100,2.75
"545",2.75,2.75,2.742,2.75,4000,2.75
"546",2.75,2.75,2.75,2.75,500,2.75
"547",2.75,2.75,2.75,2.75,800,2.75
"548",2.75,2.75,2.75,2.75,0,2.75
"549",2.75,2.75,2.75,2.75,0,2.75
"550",2.8,2.8,2.8,2.8,7300,2.8
"551",2.8,2.8,2.8,2.8,0,2.8
"552",2.8,2.8,2.8,2.8,0,2.8
"553",2.8,2.8,2.8,2.8,2000,2.8
"554",2.8,2.8,2.8,2.8,0,2.8
"555",2.9,2.9,2.9,2.9,2800,2.9
"556",2.8,2.8,2.76,2.76,1000,2.76
"557",2.899,2.9,2.899,2.9,5000,2.9
"558",2.9,2.9,2.9,2.9,0,2.9
"559",2.9,2.9,2.9,2.9,0,2.9
"560",2.9,2.9,2.9,2.9,0,2.9
"561",2.9,2.9,2.9,2.9,0,2.9
"562",2.9,2.9,2.9,2.9,0,2.9
"563",2.9,2.9,2.9,2.9,0,2.9
"564",2.9,2.9,2.9,2.9,0,2.9
"565",2.9,2.9,2.9,2.9,700,2.9
"566",2.91,2.91,2.91,2.91,1300,2.91
"567",2.91,2.91,2.91,2.91,0,2.91
"568",2.91,2.91,2.91,2.91,0,2.91
"569",2.91,2.91,2.91,2.91,0,2.91
"570",2.91,2.91,2.91,2.91,0,2.91
"571",2.91,2.91,2.91,2.91,0,2.91
"572",2.91,2.91,2.91,2.91,0,2.91
"573",2.91,2.91,2.91,2.91,0,2.91
"574",2.91,2.91,2.91,2.91,0,2.91
"575",3,3,3,3,2700,3
"576",2.85,2.85,2.85,2.85,100,2.85
"577",2.85,2.85,2.85,2.85,0,2.85
"578",2.85,2.85,2.76,2.76,500,2.76
"579",2.85,2.85,2.85,2.85,100,2.85
"580",2.85,2.85,2.85,2.85,0,2.85
"581",2.85,2.85,2.85,2.85,200,2.85
"582",2.808,2.808,2.808,2.808,400,2.808
"583",2.808,2.808,2.808,2.808,0,2.808
"584",2.808,2.808,2.808,2.808,0,2.808
"585",2.808,2.808,2.808,2.808,0,2.808
"586",3,3.15,3,3.15,2800,3.15
"587",3.15,3.15,3.15,3.15,0,3.15
"588",3.15,3.15,3.15,3.15,0,3.15
"589",3.15,3.15,3.15,3.15,0,3.15
"590",3.15,3.15,3.15,3.15,0,3.15
"591",3.15,3.15,3.15,3.15,0,3.15
"592",2.75,2.75,2.75,2.75,1400,2.75
"593",2.75,2.75,2.75,2.75,0,2.75
"594",2.75,2.75,2.75,2.75,0,2.75
"595",2.75,2.75,2.75,2.75,0,2.75
"596",2.75,2.75,2.75,2.75,0,2.75
"597",2.75,2.75,2.75,2.75,0,2.75
"598",2.75,2.75,2.75,2.75,0,2.75
"599",2.75,2.75,2.75,2.75,0,2.75
"600",2.655,2.655,2.65,2.65,300,2.65
"601",2.65,2.65,2.65,2.65,0,2.65
"602",2.65,2.65,2.65,2.65,0,2.65
"603",2.65,2.65,2.65,2.65,0,2.65
"604",2.65,2.65,2.65,2.65,0,2.65
"605",3.03,3.03,2.81,2.81,1000,2.81
"606",2.81,2.81,2.81,2.81,0,2.81
"607",2.81,2.81,2.81,2.81,0,2.81
"608",2.81,2.81,2.81,2.81,0,2.81
"609",2.81,2.81,2.81,2.81,0,2.81
"610",2.81,2.81,2.81,2.81,0,2.81
"611",2.85,2.85,2.85,2.85,5000,2.85
"612",2.9,2.9,2.8,2.8,1500,2.8
"613",2.8,2.8,2.8,2.8,0,2.8
"614",2.8,2.807,2.8,2.8,2900,2.8
"615",2.8,2.8,2.8,2.8,0,2.8
"616",2.8,2.8,2.8,2.8,0,2.8
"617",2.8,2.8,2.8,2.8,2000,2.8
"618",2.8,2.8,2.8,2.8,0,2.8
"619",2.87,2.87,2.8,2.8,1200,2.8
"620",2.8,2.8,2.8,2.8,0,2.8
"621",2.87,2.87,2.87,2.87,3800,2.87
"622",2.8,2.807,2.8,2.807,2700,2.807
"623",2.87,2.88,2.87,2.88,2300,2.88
"624",2.88,2.88,2.88,2.88,0,2.88
"625",2.75,2.75,2.75,2.75,1000,2.75
"626",2.75,2.75,2.75,2.75,0,2.75
"627",2.75,2.75,2.75,2.75,0,2.75
"628",2.75,2.75,2.75,2.75,0,2.75
"629",2.75,2.75,2.75,2.75,0,2.75
"630",2.75,2.75,2.75,2.75,0,2.75
"631",2.75,2.75,2.75,2.75,0,2.75
"632",2.95,2.95,2.56,2.56,1300,2.56
"633",2.65,2.65,2.65,2.65,800,2.65
"634",2.61,2.61,2.61,2.61,200,2.61
"635",2.61,2.61,2.61,2.61,0,2.61
"636",2.61,2.61,2.61,2.61,0,2.61
"637",2.61,2.61,2.61,2.61,0,2.61
"638",2.61,2.61,2.61,2.61,0,2.61
"639",2.61,2.61,2.61,2.61,0,2.61
"640",2.61,2.61,2.61,2.61,0,2.61
"641",2.61,2.61,2.61,2.61,0,2.61
"642",2.7,2.7,2.7,2.7,100,2.7
"643",2.7,2.7,2.7,2.7,0,2.7
"644",2.7,2.7,2.7,2.7,0,2.7
"645",2.7,2.746,2.68,2.7,1300,2.7
"646",2.7,2.7,2.7,2.7,0,2.7
"647",2.7,2.7,2.7,2.7,0,2.7
"648",2.7,2.7,2.7,2.7,0,2.7
"649",2.7,2.7,2.7,2.7,4100,2.7
"650",2.66,2.66,2.65,2.65,9800,2.65
"651",2.65,2.65,2.65,2.65,0,2.65
"652",2.65,2.65,2.65,2.65,0,2.65
"653",2.65,2.65,2.65,2.65,0,2.65
"654",2.65,2.65,2.65,2.65,0,2.65
"655",2.65,2.65,2.65,2.65,0,2.65
"656",2.619,2.619,2.619,2.619,100,2.619
"657",2.61,2.61,2.61,2.61,1000,2.61
"658",2.61,2.61,2.61,2.61,100,2.61
"659",2.6,2.61,2.6,2.61,2100,2.61
"660",2.61,2.61,2.61,2.61,0,2.61
"661",2.61,2.61,2.61,2.61,0,2.61
"662",2.65,2.65,2.65,2.65,900,2.65
"663",2.65,2.65,2.65,2.65,0,2.65
"664",2.65,2.65,2.65,2.65,500,2.65
"665",2.65,2.65,2.65,2.65,0,2.65
"666",2.65,2.65,2.65,2.65,4500,2.65
"667",2.65,2.65,2.65,2.65,0,2.65
"668",2.65,2.65,2.65,2.65,0,2.65
"669",2.65,2.65,2.65,2.65,0,2.65
"670",2.6,2.6,2.6,2.6,400,2.6
"671",2.6,2.6,2.6,2.6,0,2.6
"672",2.6,2.6,2.6,2.6,0,2.6
"673",2.6,2.6,2.6,2.6,0,2.6
"674",2.65,2.65,2.65,2.65,1200,2.65
"675",2.65,2.65,2.65,2.65,3000,2.65
"676",2.65,2.65,2.65,2.65,0,2.65
"677",2.65,2.65,2.65,2.65,0,2.65
"678",2.65,2.65,2.65,2.65,0,2.65
"679",2.75,2.75,2.75,2.75,3900,2.75
"680",2.75,2.75,2.75,2.75,0,2.75
"681",2.75,2.75,2.75,2.75,0,2.75
"682",2.75,2.75,2.75,2.75,0,2.75
"683",2.75,2.75,2.75,2.75,0,2.75
"684",2.75,2.75,2.75,2.75,0,2.75
"685",2.75,2.75,2.75,2.75,0,2.75
"686",2.75,2.75,2.75,2.75,0,2.75
"687",2.75,2.75,2.75,2.75,0,2.75
"688",2.75,2.75,2.75,2.75,0,2.75
"689",2.75,2.75,2.75,2.75,0,2.75
"690",2.75,2.75,2.75,2.75,0,2.75
"691",2.75,2.75,2.75,2.75,0,2.75
"692",2.75,2.75,2.75,2.75,0,2.75
"693",2.75,2.75,2.75,2.75,0,2.75
"694",2.75,2.75,2.75,2.75,0,2.75
"695",2.76,2.76,2.76,2.76,500,2.76
"696",2.76,2.76,2.76,2.76,0,2.76
"697",2.76,2.76,2.76,2.76,0,2.76
"698",2.76,2.76,2.76,2.76,0,2.76
"699",2.8,2.8,2.8,2.8,1700,2.8
"700",2.8,2.8,2.8,2.8,0,2.8
"701",2.8,2.8,2.8,2.8,0,2.8
"702",2.8,2.8,2.8,2.8,100,2.8
"703",3.02,3.035,3.02,3.03,6000,3.03
"704",3.02,3.02,3.02,3.02,1300,3.02
"705",3.02,3.02,3.02,3.02,0,3.02
"706",3.02,3.02,3.02,3.02,0,3.02
"707",3.02,3.02,3.02,3.02,0,3.02
"708",3.02,3.02,3.02,3.02,0,3.02
"709",3.02,3.02,3.02,3.02,0,3.02
"710",2.921,2.921,2.921,2.921,400,2.921
"711",2.921,2.921,2.921,2.921,0,2.921
"712",2.921,2.921,2.921,2.921,0,2.921
"713",2.91,2.91,2.91,2.91,600,2.91
"714",2.91,2.91,2.91,2.91,0,2.91
"715",2.91,2.91,2.91,2.91,0,2.91
"716",2.96,2.96,2.95,2.95,1300,2.95
"717",2.95,2.95,2.95,2.95,0,2.95
"718",2.95,2.95,2.95,2.95,0,2.95
"719",2.95,2.95,2.95,2.95,0,2.95
"720",2.95,2.95,2.95,2.95,0,2.95
"721",2.95,2.95,2.95,2.95,0,2.95
"722",3.01,3.1,3.01,3.1,2000,3.1
"723",3.01,3.01,3.01,3.01,400,3.01
"724",3.01,3.01,3.01,3.01,0,3.01
"725",3.05,3.05,3.01,3.01,500,3.01
"726",3.01,3.01,3.01,3.01,0,3.01
"727",3.01,3.01,3.01,3.01,0,3.01
"728",3.01,3.01,3.01,3.01,0,3.01
"729",3.01,3.01,3.01,3.01,0,3.01
"730",3.01,3.01,3.01,3.01,0,3.01
"731",3.01,3.01,3.01,3.01,0,3.01
"732",3.01,3.01,3.01,3.01,0,3.01
"733",3.093,3.14,3.07,3.14,3900,3.14
"734",3.14,3.15,3.14,3.15,600,3.15
"735",3.16,3.16,3.16,3.16,400,3.16
"736",3.16,3.16,3.16,3.16,0,3.16
"737",3.25,3.3,3.25,3.3,2400,3.3
"738",3.3,3.3,3.3,3.3,0,3.3
"739",3.3,3.3,3.3,3.3,0,3.3
"740",3.5,3.5,3.5,3.5,1000,3.5
"741",3.05,3.05,3.05,3.05,400,3.05
"742",3.05,3.05,3.05,3.05,0,3.05
"743",3.05,3.05,3.05,3.05,0,3.05
"744",3.07,3.1,3.07,3.09,1500,3.09
"745",3.115,3.115,3.09,3.09,2000,3.09
"746",3.09,3.09,3.09,3.09,0,3.09
"747",3.09,3.09,3.09,3.09,0,3.09
"748",3.09,3.09,3.09,3.09,0,3.09
"749",3.14,3.14,3.13,3.13,800,3.13
"750",3.07,3.07,3.07,3.07,600,3.07
"751",3.07,3.07,3.07,3.07,0,3.07
"752",3.06,3.06,3.06,3.06,200,3.06
"753",3.08,3.09,3.08,3.09,1100,3.09
"754",3.102,3.102,3.102,3.102,700,3.102
"755",3.125,3.14,3.11,3.14,700,3.14
"756",3.14,3.14,3.14,3.14,0,3.14
"757",3.11,3.11,3.11,3.11,300,3.11
"758",3.125,3.125,3.12,3.12,400,3.12
"759",3.12,3.12,3.12,3.12,0,3.12
"760",3.12,3.12,3.12,3.12,0,3.12
"761",3.12,3.12,3.12,3.12,0,3.12
"762",3.12,3.12,3.12,3.12,0,3.12
"763",3.171,3.171,3.171,3.171,300,3.171
"764",3.194,3.194,3.194,3.194,1000,3.194
"765",3.18,3.19,3.18,3.19,4300,3.19
"766",3.2,3.24,3.2,3.24,7900,3.24
"767",3.24,3.24,3.24,3.24,0,3.24
"768",3.22,3.22,3.22,3.22,200,3.22
"769",3.22,3.22,3.22,3.22,600,3.22
"770",3.19,3.2,3.19,3.2,600,3.2
"771",3.2,3.2,3.2,3.2,0,3.2
"772",3.2,3.2,3.2,3.2,0,3.2
"773",3.2,3.2,3.2,3.2,0,3.2
"774",3.2,3.2,3.2,3.2,300,3.2
"775",3.2,3.2,3.2,3.2,0,3.2
"776",3.2,3.2,3.2,3.2,0,3.2
"777",3.2,3.2,3.2,3.2,0,3.2
"778",3.2,3.2,3.1,3.15,9800,3.15
"779",3.1,3.1,3.1,3.1,2000,3.1
"780",3.1,3.1,3.1,3.1,0,3.1
"781",3.1,3.1,3.1,3.1,0,3.1
"782",3.1,3.1,3.1,3.1,0,3.1
"783",3.08,3.08,3.02,3.02,3100,3.02
"784",3.03,3.03,3.03,3.03,2100,3.03
"785",3.02,3.02,3.02,3.02,3600,3.02
"786",3.02,3.02,3.02,3.02,0,3.02
"787",3.02,3.02,3.02,3.02,0,3.02
"788",3.02,3.02,3.02,3.02,0,3.02
"789",3.02,3.02,3.02,3.02,0,3.02
"790",3.1,3.1,3.02,3.02,2400,3.02
"791",3.045,3.045,2.85,2.85,9100,2.85
"792",2.885,2.885,2.81,2.81,3100,2.81
"793",2.81,2.81,2.81,2.81,0,2.81
"794",2.81,2.81,2.81,2.81,0,2.81
"795",2.9,3,2.9,3,1900,3
"796",3.05,3.05,3.05,3.05,200,3.05
"797",3.05,3.1,3.05,3.1,2400,3.1
"798",3.1,3.1,3.1,3.1,0,3.1
"799",2.85,3,2.85,3,4800,3
"800",3,3.023,2.98,3.023,4500,3.023
"801",3,3,2.86,2.9,13000,2.9
"802",2.86,2.86,2.86,2.86,7500,2.86
"803",2.86,2.86,2.86,2.86,0,2.86
"804",2.86,2.86,2.86,2.86,0,2.86
"805",2.85,2.87,2.85,2.87,8100,2.87
"806",2.87,2.87,2.87,2.87,0,2.87
"807",2.87,2.87,2.87,2.87,5000,2.87
"808",2.848,2.848,2.848,2.848,100,2.848
"809",2.86,2.86,2.86,2.86,2200,2.86
"810",2.881,2.95,2.881,2.95,1000,2.95
"811",2.95,2.95,2.95,2.95,300,2.95
"812",2.95,2.95,2.95,2.95,0,2.95
"813",3,3,3,3,500,3
"814",2.86,2.935,2.82,2.82,1000,2.82
"815",2.82,2.82,2.82,2.82,0,2.82
"816",2.98,2.98,2.91,2.91,400,2.91
"817",2.91,2.91,2.91,2.91,100,2.91
"818",2.85,2.85,2.85,2.85,4700,2.85
"819",2.84,2.84,2.84,2.84,600,2.84
"820",2.84,2.84,2.84,2.84,0,2.84
"821",2.85,2.85,2.8,2.8,5000,2.8
"822",2.82,2.82,2.82,2.82,13000,2.82
"823",2.82,2.82,2.82,2.82,100,2.82
"824",2.82,2.82,2.82,2.82,0,2.82
"825",2.82,2.82,2.82,2.82,0,2.82
"826",2.82,2.82,2.82,2.82,0,2.82
"827",2.82,2.82,2.82,2.82,0,2.82
"828",2.82,2.82,2.82,2.82,900,2.82
"829",2.82,2.82,2.82,2.82,0,2.82
"830",2.76,2.76,2.76,2.76,200,2.76
"831",2.76,2.76,2.76,2.76,0,2.76
"832",2.76,2.76,2.76,2.76,0,2.76
"833",2.75,2.75,2.75,2.75,500,2.75
"834",2.75,2.75,2.75,2.75,0,2.75
"835",2.75,2.75,2.75,2.75,0,2.75
"836",2.75,2.75,2.75,2.75,0,2.75
"837",2.75,2.75,2.75,2.75,0,2.75
"838",2.75,2.75,2.75,2.75,0,2.75
"839",2.75,2.75,2.75,2.75,0,2.75
"840",2.75,2.75,2.75,2.75,0,2.75
"841",2.75,2.75,2.75,2.75,0,2.75
"842",2.75,2.75,2.75,2.75,0,2.75
"843",2.75,2.75,2.75,2.75,0,2.75
"844",2.75,2.75,2.75,2.75,0,2.75
"845",2.75,2.75,2.75,2.75,0,2.75
"846",2.8,2.8,2.79,2.79,1500,2.79
"847",2.79,2.79,2.79,2.79,0,2.79
"848",2.79,2.79,2.79,2.79,500,2.79
"849",2.79,2.79,2.79,2.79,0,2.79
"850",2.79,2.79,2.79,2.79,0,2.79
"851",2.88,2.88,2.78,2.78,1000,2.78
"852",2.78,2.78,2.66,2.66,5300,2.66
"853",2.55,2.55,2.55,2.55,1000,2.55
"854",2.55,2.55,2.55,2.55,0,2.55
"855",2.55,2.55,2.55,2.55,0,2.55
"856",2.55,2.55,2.52,2.52,2600,2.52
"857",2.52,2.52,2.52,2.52,0,2.52
"858",2.52,2.52,2.52,2.52,0,2.52
"859",2.52,2.52,2.52,2.52,0,2.52
"860",2.52,2.52,2.52,2.52,0,2.52
"861",2.52,2.52,2.52,2.52,0,2.52
"862",2.52,2.52,2.52,2.52,0,2.52
"863",2.52,2.52,2.52,2.52,0,2.52
"864",2.52,2.646,2.52,2.646,500,2.646
"865",2.66,2.66,2.59,2.59,7600,2.59
"866",2.6,2.6,2.6,2.6,800,2.6
"867",2.6,2.6,2.6,2.6,0,2.6
"868",2.6,2.6,2.6,2.6,0,2.6
"869",2.6,2.6,2.6,2.6,300,2.6
"870",2.6,2.6,2.6,2.6,2700,2.6
"871",2.57,2.57,2.57,2.57,1000,2.57
"872",2.7,2.7,2.7,2.7,100,2.7
"873",2.9,2.92,2.9,2.9,2800,2.9
"874",2.9,2.9,2.9,2.9,0,2.9
"875",2.9,2.9,2.9,2.9,0,2.9
"876",2.71,2.71,2.67,2.7,15800,2.7
"877",2.67,2.71,2.67,2.71,600,2.71
"878",2.7,2.7,2.7,2.7,6500,2.7
"879",2.7,2.7,2.7,2.7,0,2.7
"880",2.7,2.7,2.7,2.7,0,2.7
"881",2.67,2.67,2.67,2.67,300,2.67
"882",2.67,2.67,2.67,2.67,0,2.67
"883",2.684,2.684,2.57,2.57,2300,2.57
"884",2.9,2.9,2.9,2.9,2000,2.9
"885",2.9,2.9,2.9,2.9,0,2.9
"886",2.9,2.9,2.9,2.9,0,2.9
"887",2.9,2.9,2.9,2.9,0,2.9
"888",2.9,2.9,2.9,2.9,0,2.9
"889",2.9,2.9,2.9,2.9,0,2.9
"890",2.9,2.9,2.9,2.9,0,2.9
"891",2.9,2.9,2.9,2.9,0,2.9
"892",2.9,2.9,2.9,2.9,0,2.9
"893",2.9,2.9,2.9,2.9,0,2.9
"894",2.69,2.69,2.65,2.65,1200,2.65
"895",2.66,2.66,2.66,2.66,200,2.66
"896",2.65,2.65,2.65,2.65,200,2.65
"897",2.65,2.65,2.65,2.65,0,2.65
"898",2.65,2.65,2.65,2.65,0,2.65
"899",2.65,2.65,2.65,2.65,0,2.65
"900",2.65,2.65,2.65,2.65,0,2.65
"901",2.8,2.8,2.8,2.8,2500,2.8
"902",2.8,2.8,2.8,2.8,0,2.8
"903",2.8,2.8,2.8,2.8,0,2.8
"904",2.7,2.7,2.65,2.65,3400,2.65
"905",2.65,2.65,2.65,2.65,100,2.65
"906",2.65,2.65,2.65,2.65,0,2.65
"907",2.61,2.61,2.57,2.57,800,2.57
"908",2.57,2.57,2.57,2.57,0,2.57
"909",2.65,2.75,2.65,2.75,400,2.75
"910",2.75,2.75,2.75,2.75,0,2.75
"911",2.75,2.75,2.75,2.75,0,2.75
"912",2.61,2.61,2.61,2.61,700,2.61
"913",2.61,2.61,2.61,2.61,0,2.61
"914",2.61,2.61,2.61,2.61,0,2.61
"915",2.61,2.65,2.61,2.65,4900,2.65
"916",2.65,2.65,2.65,2.65,0,2.65
"917",2.65,2.65,2.65,2.65,0,2.65
"918",2.61,2.61,2.53,2.53,3900,2.53
"919",2.53,2.53,2.51,2.51,4700,2.51
"920",2.48,2.5,2.25,2.5,6000,2.5
"921",2.45,2.45,2.25,2.25,4300,2.25
"922",2.3,2.3,2.15,2.15,13400,2.15
"923",2.15,2.15,2.15,2.15,6100,2.15
"924",2.18,2.18,2.18,2.18,4000,2.18
"925",2.18,2.18,2.17,2.17,20500,2.17
"926",2.17,2.22,2.17,2.22,29100,2.22
"927",2.3,2.3,2.3,2.3,5000,2.3
"928",2.3,2.3,2.3,2.3,0,2.3
"929",2.3,2.3,2.3,2.3,0,2.3
"930",2.3,2.3,2.3,2.3,0,2.3
"931",2.3,2.3,2.3,2.3,0,2.3
"932",2.3,2.3,2.3,2.3,0,2.3
"933",2.21,2.21,2.21,2.21,2800,2.21
"934",2.21,2.21,2.21,2.21,0,2.21
"935",2.21,2.21,2.21,2.21,0,2.21
"936",2.3,2.3,2.3,2.3,5200,2.3
"937",2.48,2.48,2.48,2.48,100,2.48
"938",2.48,2.48,2.48,2.48,0,2.48
"939",2.28,2.28,2.28,2.28,300,2.28
"940",2.28,2.28,2.28,2.28,0,2.28
"941",2.28,2.28,2.28,2.28,0,2.28
"942",2.28,2.28,2.28,2.28,0,2.28
"943",2.28,2.28,2.28,2.28,0,2.28
"944",2.28,2.28,2.28,2.28,0,2.28
"945",2.28,2.28,2.28,2.28,0,2.28
"946",2.23,2.23,2.23,2.23,100,2.23
"947",2.23,2.23,2.23,2.23,0,2.23
"948",2.23,2.23,2.23,2.23,0,2.23
"949",2.23,2.23,2.23,2.23,0,2.23
"950",2.23,2.23,2.23,2.23,0,2.23
"951",2.23,2.23,2.23,2.23,0,2.23
"952",2.23,2.23,2.22,2.22,3600,2.22
"953",2.22,2.22,2.22,2.22,0,2.22
"954",2.22,2.22,2.22,2.22,0,2.22
"955",2.22,2.22,2.22,2.22,0,2.22
"956",2.23,2.23,2.23,2.23,2500,2.23
"957",2.23,2.23,2.23,2.23,0,2.23
"958",2.23,2.23,2.23,2.23,0,2.23
"959",2.23,2.23,2.23,2.23,0,2.23
"960",2.23,2.23,2.23,2.23,0,2.23
"961",2.23,2.23,2.23,2.23,0,2.23
"962",2.23,2.23,2.23,2.23,0,2.23
"963",2.24,2.24,2.24,2.24,800,2.24
"964",2.24,2.24,2.24,2.24,800,2.24
"965",2.24,2.24,2.24,2.24,0,2.24
"966",2.24,2.24,2.24,2.24,0,2.24
"967",2.24,2.24,2.24,2.24,0,2.24
"968",2.24,2.24,2.24,2.24,0,2.24
"969",2.24,2.24,2.24,2.24,0,2.24
"970",2.24,2.24,2.24,2.24,0,2.24
"971",2.24,2.24,2.24,2.24,0,2.24
"972",2.24,2.24,2.24,2.24,0,2.24
"973",2.24,2.24,2.24,2.24,700,2.24
"974",2.24,2.282,2.24,2.24,900,2.24
"975",2.24,2.24,2.24,2.24,0,2.24
"976",2.3,2.3,2.25,2.25,28500,2.25
"977",2.25,2.25,2.25,2.25,0,2.25
"978",2.24,2.24,2.2,2.2,25000,2.2
"979",2.2,2.2,2.2,2.2,0,2.2
"980",2.2,2.2,2.2,2.2,0,2.2
"981",2.2,2.2,2.2,2.2,0,2.2
"982",2.2,2.2,2.2,2.2,0,2.2
"983",2.2,2.2,2.2,2.2,0,2.2
"984",2.21,2.21,2.2,2.2,20000,2.2
"985",2.18,2.18,2.16,2.16,11400,2.16
"986",2.16,2.16,2.16,2.16,0,2.16
"987",2.16,2.16,2.16,2.16,0,2.16
"988",2.16,2.16,2.16,2.16,0,2.16
"989",2.2,2.2,2.19,2.19,1100,2.19
"990",2.19,2.19,2.19,2.19,0,2.19
"991",2.19,2.19,2.19,2.19,0,2.19
"992",2.19,2.19,2.19,2.19,0,2.19
"993",2.19,2.19,2.19,2.19,0,2.19
"994",2.19,2.19,2.19,2.19,0,2.19
"995",2.19,2.19,2.19,2.19,0,2.19
"996",2.19,2.19,2.19,2.19,0,2.19
"997",2.19,2.19,2.19,2.19,0,2.19
"998",2.19,2.19,2.19,2.19,0,2.19
"999",2.2,2.2,2.2,2.2,3100,2.2
"1000",2.2,2.2,2.2,2.2,0,2.2
"1001",2.2,2.2,2.2,2.2,0,2.2
"1002",2.2,2.2,2.2,2.2,0,2.2
"1003",2.2,2.2,2.2,2.2,0,2.2
"1004",2.17,2.25,2.17,2.25,500,2.25
"1005",2.25,2.25,2.25,2.25,0,2.25
"1006",2.25,2.25,2.25,2.25,0,2.25
"1007",2.25,2.25,2.25,2.25,300,2.25
"1008",2.25,2.25,2.25,2.25,0,2.25
"1009",2.25,2.25,2.25,2.25,0,2.25
"1010",2.25,2.25,2.25,2.25,0,2.25
"1011",2.25,2.25,2.25,2.25,100,2.25
"1012",2.25,2.25,2.25,2.25,0,2.25
"1013",2.25,2.25,2.25,2.25,0,2.25
"1014",2.25,2.25,2.25,2.25,200,2.25
"1015",2.25,2.25,2.25,2.25,0,2.25
"1016",2.25,2.25,2.25,2.25,0,2.25
"1017",2.25,2.25,2.25,2.25,0,2.25
"1018",2.25,2.25,2.25,2.25,0,2.25
"1019",2.25,2.25,2.25,2.25,0,2.25
"1020",2.25,2.25,2.25,2.25,0,2.25
"1021",2.18,2.18,2.18,2.18,200,2.18
"1022",2.18,2.18,2.18,2.18,0,2.18
"1023",2.18,2.18,2.18,2.18,0,2.18
"1024",2.18,2.18,2.18,2.18,0,2.18
"1025",2.18,2.18,2.18,2.18,0,2.18
"1026",2.18,2.18,2.18,2.18,0,2.18
"1027",2.18,2.18,2.18,2.18,0,2.18
"1028",2.18,2.18,2.18,2.18,0,2.18
"1029",2.18,2.18,2.18,2.18,0,2.18
"1030",2.18,2.18,2.18,2.18,0,2.18
"1031",2.18,2.18,2.18,2.18,0,2.18
"1032",2.18,2.18,2.18,2.18,0,2.18
"1033",2.16,2.16,2.11,2.11,600,2.11
"1034",2.11,2.11,2.11,2.11,0,2.11
"1035",2.11,2.11,2.11,2.11,0,2.11
"1036",2.11,2.11,2.11,2.11,0,2.11
"1037",2.11,2.11,2.11,2.11,0,2.11
"1038",2.3,2.35,2.3,2.35,1100,2.35
"1039",2.35,2.35,2.35,2.35,0,2.35
"1040",2.12,2.12,2.12,2.12,600,2.12
"1041",2.12,2.12,2.12,2.12,0,2.12
"1042",2.12,2.12,2.12,2.12,0,2.12
"1043",2.2,2.2,2.2,2.2,1000,2.2
"1044",2.2,2.2,2.2,2.2,0,2.2
"1045",2.2,2.2,2.2,2.2,0,2.2
"1046",2.2,2.2,2.2,2.2,0,2.2
"1047",2.12,2.12,2.12,2.12,100,2.12
"1048",2.12,2.12,2.12,2.12,0,2.12
"1049",2.12,2.12,2.12,2.12,0,2.12
"1050",2.12,2.12,2.12,2.12,0,2.12
"1051",2.12,2.12,2.12,2.12,0,2.12
"1052",2.12,2.12,2.12,2.12,0,2.12
"1053",2.12,2.12,2.12,2.12,0,2.12
"1054",2.12,2.12,2.12,2.12,0,2.12
"1055",2.12,2.12,2.12,2.12,0,2.12
"1056",2.12,2.12,2.12,2.12,0,2.12
"1057",2.12,2.12,2.12,2.12,1700,2.12
"1058",2.12,2.12,2.12,2.12,700,2.12
"1059",2.12,2.12,2.12,2.12,0,2.12
"1060",2.12,2.12,2.12,2.12,0,2.12
"1061",2.12,2.12,2.12,2.12,0,2.12
"1062",2.12,2.12,2.1,2.12,45500,2.12
"1063",2.12,2.12,2.12,2.12,0,2.12
"1064",2.12,2.12,2.12,2.12,0,2.12
"1065",2.12,2.12,2.12,2.12,0,2.12
"1066",2.15,2.15,2.15,2.15,800,2.15
"1067",2.15,2.15,2.15,2.15,0,2.15
"1068",2.15,2.15,2.15,2.15,0,2.15
"1069",2.15,2.15,2.15,2.15,0,2.15
"1070",2.15,2.15,2.15,2.15,0,2.15
"1071",2.15,2.15,2.15,2.15,0,2.15
"1072",2.16,2.16,2.12,2.12,5000,2.12
"1073",2.12,2.12,2.1,2.1,5100,2.1
"1074",2.1,2.1,2.1,2.1,0,2.1
"1075",2.1,2.1,2.1,2.1,0,2.1
"1076",2.08,2.08,2.07,2.07,1400,2.07
"1077",2.07,2.07,2.07,2.07,0,2.07
"1078",2.07,2.07,2.07,2.07,0,2.07
"1079",2.07,2.07,2.07,2.07,0,2.07
"1080",2.12,2.12,2.12,2.12,1500,2.12
"1081",2.12,2.12,2.12,2.12,0,2.12
"1082",2.12,2.12,2.12,2.12,0,2.12
"1083",2.12,2.12,2.12,2.12,0,2.12
"1084",2.12,2.12,2.12,2.12,100,2.12
"1085",2.12,2.12,2.12,2.12,0,2.12
"1086",2.12,2.12,2.12,2.12,0,2.12
"1087",2.12,2.12,2.12,2.12,0,2.12
"1088",2.12,2.12,2.12,2.12,0,2.12
"1089",2.12,2.12,2.12,2.12,0,2.12
"1090",2.12,2.12,2.12,2.12,0,2.12
"1091",2.12,2.12,2.12,2.12,0,2.12
"1092",2.12,2.12,2.12,2.12,0,2.12
"1093",2.12,2.12,2.12,2.12,0,2.12
"1094",2.12,2.12,2.12,2.12,0,2.12
"1095",2.12,2.12,2.12,2.12,0,2.12
"1096",2.12,2.12,2.12,2.12,0,2.12
"1097",2.12,2.12,2.12,2.12,0,2.12
"1098",2.12,2.12,2.12,2.12,0,2.12
"1099",2.12,2.12,2.12,2.12,0,2.12
"1100",2.12,2.12,2.12,2.12,0,2.12
"1101",2.12,2.12,2.12,2.12,0,2.12
"1102",2.12,2.12,2.12,2.12,0,2.12
"1103",2.12,2.12,2.12,2.12,0,2.12
"1104",2.12,2.12,2.12,2.12,0,2.12
"1105",2.12,2.12,2.12,2.12,0,2.12
"1106",2.12,2.12,2.12,2.12,0,2.12
"1107",2.12,2.12,2.12,2.12,100,2.12
"1108",2.12,2.12,2.12,2.12,0,2.12
"1109",2.12,2.12,2.12,2.12,0,2.12
"1110",2.12,2.12,2.12,2.12,0,2.12
"1111",2.12,2.12,2.12,2.12,0,2.12
"1112",2.12,2.12,2.12,2.12,0,2.12
"1113",2.25,2.25,2.11,2.11,1100,2.11
"1114",2.11,2.11,2.11,2.11,100,2.11
"1115",2.11,2.11,2.11,2.11,0,2.11
"1116",2.11,2.11,2.11,2.11,0,2.11
"1117",2.11,2.11,2.11,2.11,0,2.11
"1118",2.11,2.11,2.11,2.11,0,2.11
"1119",2.11,2.11,2.11,2.11,0,2.11
"1120",2.11,2.11,2.11,2.11,0,2.11
"1121",2.11,2.11,2.08,2.1,6000,2.1
"1122",2.2,2.225,2.2,2.225,300,2.225
"1123",2.25,2.56,2.25,2.56,11100,2.56
"1124",2.56,2.56,2.56,2.56,600,2.56
"1125",2.56,2.56,2.56,2.56,0,2.56
"1126",2.56,2.56,2.56,2.56,0,2.56
"1127",2.56,2.56,2.56,2.56,0,2.56
"1128",2.56,2.56,2.56,2.56,0,2.56
"1129",2.56,2.56,2.56,2.56,0,2.56
"1130",2.58,2.593,2.58,2.593,1500,2.593
"1131",2.593,2.593,2.593,2.593,0,2.593
"1132",2.593,2.593,2.593,2.593,0,2.593
"1133",2.593,2.593,2.593,2.593,0,2.593
"1134",2.593,2.593,2.593,2.593,0,2.593
"1135",2.6,2.61,2.6,2.61,2000,2.61
"1136",2.61,2.61,2.61,2.61,0,2.61
"1137",2.61,2.61,2.61,2.61,0,2.61
"1138",2.61,2.61,2.61,2.61,0,2.61
"1139",2.61,2.61,2.61,2.61,0,2.61
"1140",2.49,2.49,2.48,2.48,700,2.48
"1141",2.4,2.5,2.31,2.5,1300,2.5
"1142",2.5,2.5,2.5,2.5,0,2.5
"1143",2.5,2.5,2.5,2.5,0,2.5
"1144",2.5,2.5,2.5,2.5,100,2.5
"1145",2.5,2.5,2.5,2.5,0,2.5
"1146",2.5,2.5,2.5,2.5,0,2.5
"1147",2.5,2.5,2.5,2.5,100,2.5
"1148",2.5,2.5,2.5,2.5,0,2.5
"1149",2.5,2.5,2.5,2.5,0,2.5
"1150",2.59,2.6,2.59,2.6,3100,2.6
"1151",2.6,2.6,2.6,2.6,0,2.6
"1152",2.6,2.6,2.6,2.6,0,2.6
"1153",2.6,2.6,2.6,2.6,0,2.6
"1154",2.6,2.6,2.6,2.6,0,2.6
"1155",2.45,2.45,2.45,2.45,400,2.45
"1156",2.45,2.45,2.45,2.45,100,2.45
"1157",2.45,2.45,2.45,2.45,0,2.45
"1158",2.45,2.45,2.45,2.45,0,2.45
"1159",2.45,2.45,2.45,2.45,0,2.45
"1160",2.418,2.418,2.41,2.41,1000,2.41
"1161",2.41,2.41,2.41,2.41,0,2.41
"1162",2.41,2.41,2.4,2.4,2500,2.4
"1163",2.4,2.4,2.4,2.4,0,2.4
"1164",2.46,2.46,2.37,2.37,4400,2.37
"1165",2.37,2.37,2.37,2.37,0,2.37
"1166",2.37,2.37,2.37,2.37,0,2.37
"1167",2.37,2.37,2.37,2.37,0,2.37
"1168",2.36,2.36,2.36,2.36,8800,2.36
"1169",2.32,2.32,2.32,2.32,200,2.32
"1170",2.32,2.32,2.32,2.32,0,2.32
"1171",2.32,2.32,2.32,2.32,100,2.32
"1172",2.32,2.32,2.32,2.32,0,2.32
"1173",2.32,2.32,2.32,2.32,0,2.32
"1174",2.32,2.32,2.32,2.32,100,2.32
"1175",2.32,2.32,2.32,2.32,0,2.32
"1176",2.32,2.32,2.32,2.32,0,2.32
"1177",2.32,2.32,2.32,2.32,0,2.32
"1178",2.32,2.32,2.32,2.32,0,2.32
"1179",2.32,2.32,2.32,2.32,0,2.32
"1180",2.32,2.32,2.32,2.32,0,2.32
"1181",2.32,2.32,2.32,2.32,0,2.32
"1182",2.32,2.32,2.32,2.32,0,2.32
"1183",2.32,2.32,2.32,2.32,0,2.32
"1184",2.32,2.32,2.32,2.32,0,2.32
"1185",2.32,2.32,2.32,2.32,0,2.32
"1186",2.32,2.32,2.32,2.32,0,2.32
"1187",2.4,2.4,2.4,2.4,1400,2.4
"1188",2.4,2.4,2.4,2.4,0,2.4
"1189",2.4,2.4,2.4,2.4,100,2.4
"1190",2.4,2.4,2.4,2.4,0,2.4
"1191",2.4,2.4,2.4,2.4,0,2.4
"1192",2.4,2.4,2.4,2.4,0,2.4
"1193",2.4,2.4,2.4,2.4,0,2.4
"1194",2.4,2.4,2.4,2.4,0,2.4
"1195",2.4,2.4,2.4,2.4,0,2.4
"1196",2.4,2.4,2.4,2.4,0,2.4
"1197",2.4,2.4,2.4,2.4,100,2.4
"1198",2.4,2.4,2.4,2.4,0,2.4
"1199",2.4,2.4,2.4,2.4,0,2.4
"1200",2.4,2.4,2.4,2.4,0,2.4
"1201",2.4,2.4,2.4,2.4,0,2.4
"1202",2.4,2.4,2.4,2.4,0,2.4
"1203",2.4,2.4,2.4,2.4,0,2.4
"1204",2.4,2.4,2.4,2.4,0,2.4
"1205",2.4,2.4,2.4,2.4,0,2.4
"1206",2.4,2.4,2.4,2.4,0,2.4
"1207",2.4,2.4,2.4,2.4,0,2.4
"1208",2.4,2.4,2.4,2.4,0,2.4
"1209",2.4,2.4,2.4,2.4,0,2.4
"1210",2.4,2.4,2.4,2.4,0,2.4
"1211",2.4,2.4,2.4,2.4,0,2.4
"1212",2.4,2.4,2.4,2.4,0,2.4
"1213",2.4,2.4,2.4,2.4,0,2.4
"1214",2.4,2.4,2.4,2.4,0,2.4
"1215",2.4,2.4,2.3,2.3,800,2.3
"1216",2.3,2.3,2.3,2.3,0,2.3
"1217",2.3,2.3,2.23,2.23,2000,2.23
"1218",2.23,2.23,2.23,2.23,0,2.23
"1219",2.23,2.23,2.23,2.23,0,2.23
"1220",2.23,2.23,2.23,2.23,0,2.23
"1221",2.23,2.23,2.23,2.23,0,2.23
"1222",2.23,2.23,2.23,2.23,0,2.23
"1223",2.23,2.23,2.23,2.23,0,2.23
"1224",2.23,2.23,2.23,2.23,0,2.23
"1225",2.23,2.23,2.23,2.23,0,2.23
"1226",2.23,2.23,2.23,2.23,0,2.23
"1227",2.25,2.25,2.25,2.25,1700,2.25
"1228",2.25,2.25,2.25,2.25,0,2.25
"1229",2.25,2.25,2.25,2.25,0,2.25
"1230",2.25,2.25,2.25,2.25,0,2.25
"1231",2.25,2.25,2.25,2.25,0,2.25
"1232",2.25,2.25,2.25,2.25,0,2.25
"1233",2.25,2.25,2.25,2.25,400,2.25
"1234",2.26,2.26,2.26,2.26,300,2.26
"1235",2.26,2.26,2.26,2.26,0,2.26
"1236",2.26,2.26,2.26,2.26,1700,2.26
"1237",2.26,2.26,2.26,2.26,0,2.26
"1238",2.26,2.26,2.26,2.26,0,2.26
"1239",2.26,2.26,2.26,2.26,0,2.26
"1240",2.26,2.26,2.26,2.26,0,2.26
"1241",2.26,2.26,2.26,2.26,200,2.26
"1242",2.26,2.26,2.26,2.26,0,2.26
"1243",2.26,2.26,2.26,2.26,0,2.26
"1244",2.26,2.26,2.26,2.26,0,2.26
"1245",2.26,2.26,2.26,2.26,0,2.26
"1246",2.26,2.26,2.26,2.26,0,2.26
"1247",2.26,2.26,2.26,2.26,0,2.26
"1248",2.26,2.26,2.26,2.26,0,2.26
"1249",2.31,2.31,2.31,2.31,700,2.31
"1250",2.31,2.31,2.31,2.31,1100,2.31
"1251",2.31,2.31,2.31,2.31,0,2.31
"1252",2.31,2.31,2.31,2.31,0,2.31
"1253",2.31,2.31,2.31,2.31,0,2.31
"1254",2.31,2.31,2.31,2.31,0,2.31
"1255",2.31,2.31,2.31,2.31,0,2.31
"1256",2.31,2.31,2.31,2.31,0,2.31
"1257",2.35,2.35,2.35,2.35,600,2.35
"1258",2.35,2.35,2.35,2.35,0,2.35
"1259",2.35,2.35,2.35,2.35,0,2.35
"1260",2.35,2.35,2.35,2.35,0,2.35
"1261",2.35,2.35,2.35,2.35,0,2.35
"1262",2.35,2.35,2.35,2.35,100,2.35
"1263",2.35,2.35,2.35,2.35,0,2.35
"1264",2.35,2.35,2.35,2.35,0,2.35
"1265",2.35,2.35,2.35,2.35,0,2.35
"1266",2.35,2.35,2.35,2.35,100,2.35
"1267",2.35,2.35,2.35,2.35,100,2.35
"1268",2.35,2.35,2.35,2.35,100,2.35
"1269",2.35,2.35,2.35,2.35,100,2.35
"1270",2.35,2.35,2.35,2.35,100,2.35
"1271",2.35,2.35,2.35,2.35,100,2.35
"1272",2.35,2.35,2.35,2.35,100,2.35
"1273",2.35,2.35,2.35,2.35,100,2.35
"1274",2.37,2.37,2.35,2.35,3100,2.35
"1275",2.36,2.36,2.36,2.36,6500,2.36
"1276",2.36,2.36,2.36,2.36,6500,2.36
"1277",2.4,2.4,2.4,2.4,100,2.4
"1278",2.44,2.44,2.44,2.44,100,2.44
"1279",2.44,2.44,2.44,2.44,100,2.44
"1280",2.44,2.44,2.44,2.44,0,2.44
"1281",2.7,2.7,2.7,2.7,300,2.7
"1282",2.7,2.7,2.7,2.7,0,2.7
"1283",2.7,2.7,2.7,2.7,0,2.7
"1284",2.7,2.7,2.7,2.7,0,2.7
"1285",2.7,2.7,2.7,2.7,0,2.7
"1286",2.7,2.7,2.7,2.7,200,2.7
"1287",2.7,2.7,2.7,2.7,800,2.7
"1288",2.79,2.79,2.01,2.3,13000,2.3
"1289",2.3,2.3,2.3,2.3,0,2.3
"1290",2.39,2.39,2.39,2.39,500,2.39
"1291",2.28,2.28,2.25,2.25,6100,2.25
"1292",2.25,2.25,2.25,2.25,9900,2.25
"1293",2.18,2.18,2.18,2.18,300,2.18
"1294",2.22,2.3,2.22,2.3,6800,2.3
"1295",2.3,2.3,2.3,2.3,0,2.3
"1296",2.3,2.3,2.3,2.3,0,2.3
"1297",2.3,2.3,2.3,2.3,0,2.3
"1298",2.3,2.3,2.3,2.3,0,2.3
"1299",2.4,2.4,2.4,2.4,3600,2.4
"1300",2.45,2.45,2.45,2.45,8500,2.45
"1301",2.45,2.45,2.45,2.45,0,2.45
"1302",2.45,2.45,2.45,2.45,0,2.45
"1303",2.45,2.45,2.45,2.45,100,2.45
"1304",2.45,2.45,2.45,2.45,0,2.45
"1305",2.45,2.45,2.45,2.45,100,2.45
"1306",2.45,2.45,2.45,2.45,0,2.45
"1307",2.45,2.45,2.45,2.45,0,2.45
"1308",2.45,2.45,2.45,2.45,0,2.45
"1309",2.45,2.45,2.45,2.45,0,2.45
"1310",2.45,2.45,2.45,2.45,0,2.45
"1311",2.45,2.45,2.45,2.45,0,2.45
"1312",2.45,2.45,2.45,2.45,0,2.45
"1313",2.45,2.45,2.45,2.45,100,2.45
"1314",2.45,2.45,2.45,2.45,0,2.45
"1315",2.45,2.45,2.45,2.45,0,2.45
"1316",2.45,2.45,2.45,2.45,0,2.45
"1317",2.45,2.45,2.45,2.45,0,2.45
"1318",2.45,2.45,2.45,2.45,0,2.45
"1319",2.45,2.45,2.45,2.45,0,2.45
"1320",2.45,2.45,2.45,2.45,0,2.45
"1321",2.42,2.44,2.4,2.4,4300,2.4
"1322",2.4,2.4,2.4,2.4,0,2.4
"1323",2.4,2.4,2.4,2.4,0,2.4
"1324",2.4,2.4,2.4,2.4,7500,2.4
"1325",2.4,2.4,2.4,2.4,0,2.4
"1326",2.4,2.4,2.25,2.25,4000,2.25
"1327",2.25,2.25,2.25,2.25,0,2.25
"1328",2.25,2.25,2.25,2.25,0,2.25
"1329",2.25,2.25,2.25,2.25,1800,2.25
"1330",2.25,2.25,2.25,2.25,0,2.25
"1331",2.25,2.25,2.25,2.25,0,2.25
"1332",2.25,2.25,2.25,2.25,0,2.25
"1333",2.25,2.25,2.22,2.22,4800,2.22
"1334",2.21,2.22,2.21,2.22,400,2.22
"1335",2.22,2.22,2.22,2.22,0,2.22
"1336",2.25,2.4,2.25,2.4,1100,2.4
"1337",2.22,2.35,2.06,2.35,1600,2.35
"1338",2.35,2.35,2.35,2.35,0,2.35
"1339",2.35,2.35,2.35,2.35,0,2.35
"1340",2.35,2.35,2.35,2.35,0,2.35
"1341",2.35,2.35,2.35,2.35,0,2.35
"1342",2.35,2.35,2.35,2.35,0,2.35
"1343",2.25,2.25,2.15,2.25,3000,2.25
"1344",2.25,2.25,2.25,2.25,0,2.25
"1345",2.25,2.25,2.25,2.25,0,2.25
"1346",2.25,2.25,2.25,2.25,0,2.25
"1347",2.25,2.25,2.25,2.25,0,2.25
"1348",2.25,2.25,2.25,2.25,0,2.25
"1349",2.25,2.25,2.25,2.25,0,2.25
"1350",2.25,2.25,2.25,2.25,0,2.25
"1351",2.25,2.25,2.25,2.25,0,2.25
"1352",2.25,2.25,2.25,2.25,0,2.25
"1353",2.07,2.25,2.07,2.25,2000,2.25
"1354",2.25,2.25,2.25,2.25,0,2.25
"1355",2.25,2.25,2.25,2.25,0,2.25
"1356",2.25,2.25,2.25,2.25,0,2.25
"1357",2.25,2.25,2.25,2.25,0,2.25
"1358",2.11,2.11,2.11,2.11,400,2.11
"1359",2.11,2.11,2.11,2.11,0,2.11
"1360",2.11,2.11,2.11,2.11,0,2.11
"1361",2.12,2.12,2.12,2.12,1000,2.12
"1362",2.12,2.12,2.12,2.12,0,2.12
"1363",2.2,2.2,2.15,2.15,1000,2.15
"1364",2.15,2.15,2.15,2.15,0,2.15
"1365",2.16,2.16,2.16,2.16,200,2.16
"1366",2.15,2.15,2.12,2.12,7600,2.12
"1367",2.12,2.12,2.12,2.12,0,2.12
"1368",2.12,2.12,2.12,2.12,0,2.12
"1369",2.12,2.12,2.12,2.12,0,2.12
"1370",2.12,2.12,2.12,2.12,0,2.12
"1371",2.12,2.12,2.12,2.12,0,2.12
"1372",2.12,2.12,2.12,2.12,10000,2.12
"1373",2.12,2.12,2.12,2.12,300,2.12
"1374",2.13,2.13,2.13,2.13,400,2.13
"1375",2.13,2.13,2.13,2.13,9500,2.13
"1376",2.13,2.13,2.13,2.13,0,2.13
"1377",2.13,2.13,2.13,2.13,0,2.13
"1378",2.12,2.12,2.12,2.12,400,2.12
"1379",2.07,2.07,2.07,2.07,1400,2.07
"1380",2.12,2.12,2,2,12100,2
"1381",2.15,2.15,2.15,2.15,1700,2.15
"1382",2.1,2.1,2.1,2.1,1000,2.1
"1383",2.1,2.1,2.1,2.1,0,2.1
"1384",2.1,2.1,2.1,2.1,0,2.1
"1385",2.2,2.2,2.2,2.2,800,2.2
"1386",2.215,2.215,2.215,2.215,300,2.215
