"","NBGIF.Open","NBGIF.High","NBGIF.Low","NBGIF.Close","NBGIF.Volume","NBGIF.Adjusted"
"1",737.677979,737.677979,737.677979,737.677979,7,737.677979
"2",576.72998,603.554993,576.72998,603.554993,16,603.554993
"3",603.554993,603.554993,603.554993,603.554993,0,603.554993
"4",603.554993,603.554993,603.554993,603.554993,0,603.554993
"5",603.554993,603.554993,603.554993,603.554993,0,603.554993
"6",603.554993,603.554993,603.554993,603.554993,0,603.554993
"7",603.554993,603.554993,603.554993,603.554993,0,603.554993
"8",603.554993,603.554993,603.554993,603.554993,0,603.554993
"9",885.213989,908.684998,885.213989,908.684998,22,908.684998
"10",878.507996,938.862976,878.507996,938.862976,50,938.862976
"11",938.862976,938.862976,938.862976,938.862976,0,938.862976
"12",999.218994,1106.52002,999.218994,1039.459961,18,1039.459961
"13",1207.109985,1207.109985,1207.109985,1207.109985,9,1207.109985
"14",1408.290039,1408.290039,1408.290039,1408.290039,3,1408.290039
"15",1555.829956,1555.829956,1555.829956,1555.829956,0,1555.829956
"16",1542.420044,1542.420044,1448.530029,1448.530029,6,1448.530029
"17",1448.530029,1448.530029,1448.530029,1448.530029,0,1448.530029
"18",1448.530029,1448.530029,1448.530029,1448.530029,0,1448.530029
"19",1448.530029,1448.530029,1448.530029,1448.530029,0,1448.530029
"20",1448.530029,1448.530029,1448.530029,1448.530029,0,1448.530029
"21",1448.530029,1448.530029,1448.530029,1448.530029,0,1448.530029
"22",1448.530029,1448.530029,1448.530029,1448.530029,0,1448.530029
"23",894,894,894,894,7,894
"24",1027.5,1027.5,997.5,997.5,33,997.5
"25",997.5,997.5,997.5,997.5,0,997.5
"26",997.5,997.5,997.5,997.5,0,997.5
"27",997.5,997.5,997.5,997.5,0,997.5
"28",997.5,997.5,997.5,997.5,0,997.5
"29",997.5,997.5,997.5,997.5,0,997.5
"30",813,813,813,813,27,813
"31",813,813,813,813,0,813
"32",813,813,813,813,0,813
"33",813,813,813,813,0,813
"34",813,813,813,813,0,813
"35",813,813,813,813,0,813
"36",813,813,813,813,0,813
"37",813,813,813,813,0,813
"38",813,813,813,813,0,813
"39",813,813,813,813,0,813
"40",813,813,813,813,0,813
"41",813,813,813,813,0,813
"42",813,813,813,813,0,813
"43",813,813,813,813,0,813
"44",495,495,495,495,1,495
"45",495,495,495,495,0,495
"46",495,495,495,495,0,495
"47",495,495,495,495,0,495
"48",495,495,495,495,0,495
"49",495,495,495,495,0,495
"50",495,495,495,495,0,495
"51",495,495,495,495,0,495
"52",495,495,495,495,0,495
"53",495,495,495,495,0,495
"54",495,495,495,495,0,495
"55",495,495,495,495,0,495
"56",495,495,495,495,0,495
"57",495,495,495,495,0,495
"58",495,495,495,495,0,495
"59",495,495,495,495,0,495
"60",495,495,495,495,0,495
"61",495,495,495,495,0,495
"62",495,495,495,495,0,495
"63",508.5,508.5,508.5,508.5,1,508.5
"64",502.5,502.5,502.5,502.5,7,502.5
"65",502.5,502.5,502.5,502.5,0,502.5
"66",502.5,502.5,502.5,502.5,0,502.5
"67",502.5,502.5,502.5,502.5,0,502.5
"68",502.5,502.5,502.5,502.5,0,502.5
"69",502.5,502.5,502.5,502.5,0,502.5
"70",502.5,502.5,502.5,502.5,0,502.5
"71",502.5,502.5,502.5,502.5,0,502.5
"72",502.5,502.5,502.5,502.5,0,502.5
"73",502.5,502.5,502.5,502.5,0,502.5
"74",502.5,502.5,502.5,502.5,0,502.5
"75",627,627,627,627,3,627
"76",627,627,627,627,0,627
"77",627,627,627,627,0,627
"78",627,627,627,627,0,627
"79",627,627,627,627,0,627
"80",627,627,627,627,0,627
"81",627,627,627,627,0,627
"82",627,627,627,627,0,627
"83",627,627,627,627,0,627
"84",627,627,627,627,0,627
"85",627,627,627,627,0,627
"86",627,627,627,627,0,627
"87",627,627,627,627,0,627
"88",627,627,627,627,0,627
"89",627,627,627,627,0,627
"90",627,627,627,627,0,627
"91",627,627,627,627,0,627
"92",627,627,627,627,0,627
"93",627,627,627,627,0,627
"94",627,627,627,627,0,627
"95",627,627,627,627,0,627
"96",627,627,627,627,0,627
"97",627,627,627,627,0,627
"98",627,627,627,627,0,627
"99",627,627,627,627,0,627
"100",627,627,627,627,0,627
"101",622.5,622.5,622.5,622.5,11,622.5
"102",622.5,622.5,622.5,622.5,0,622.5
"103",622.5,622.5,622.5,622.5,0,622.5
"104",622.5,622.5,622.5,622.5,0,622.5
"105",603,603,603,603,11,603
"106",603,603,603,603,0,603
"107",603,603,603,603,0,603
"108",603,603,603,603,0,603
"109",603,603,603,603,0,603
"110",603,603,603,603,0,603
"111",603,603,603,603,0,603
"112",603,603,603,603,0,603
"113",603,603,603,603,0,603
"114",603,603,603,603,0,603
"115",603,603,603,603,0,603
"116",603,603,603,603,0,603
"117",603,603,603,603,0,603
"118",603,603,603,603,0,603
"119",603,603,603,603,0,603
"120",603,603,603,603,0,603
"121",603,603,603,603,0,603
"122",603,603,603,603,0,603
"123",603,603,603,603,0,603
"124",937.5,937.5,937.5,937.5,22,937.5
"125",937.5,937.5,937.5,937.5,0,937.5
"126",937.5,937.5,937.5,937.5,0,937.5
"127",862.5,862.5,862.5,862.5,7,862.5
"128",862.5,862.5,862.5,862.5,0,862.5
"129",862.5,862.5,862.5,862.5,0,862.5
"130",862.5,862.5,862.5,862.5,0,862.5
"131",862.5,862.5,862.5,862.5,0,862.5
"132",862.5,862.5,862.5,862.5,0,862.5
"133",862.5,862.5,862.5,862.5,0,862.5
"134",862.5,862.5,862.5,862.5,0,862.5
"135",862.5,862.5,862.5,862.5,0,862.5
"136",862.5,862.5,862.5,862.5,0,862.5
"137",862.5,862.5,862.5,862.5,0,862.5
"138",855,855,855,855,6,855
"139",855,855,855,855,0,855
"140",855,855,855,855,0,855
"141",855,855,855,855,0,855
"142",855,855,855,855,0,855
"143",855,855,855,855,0,855
"144",855,855,855,855,0,855
"145",855,855,855,855,0,855
"146",855,855,855,855,0,855
"147",855,855,855,855,0,855
"148",855,855,855,855,0,855
"149",855,855,855,855,0,855
"150",855,855,855,855,0,855
"151",855,855,855,855,0,855
"152",907.5,907.5,907.5,907.5,3,907.5
"153",907.5,907.5,907.5,907.5,0,907.5
"154",907.5,907.5,907.5,907.5,0,907.5
"155",862.5,862.5,862.5,862.5,6,862.5
"156",862.5,862.5,862.5,862.5,0,862.5
"157",862.5,862.5,862.5,862.5,0,862.5
"158",862.5,862.5,862.5,862.5,0,862.5
"159",891,891,891,891,11,891
"160",891,891,891,891,0,891
"161",891,891,891,891,0,891
"162",891,891,891,891,0,891
"163",891,891,891,891,0,891
"164",840,840,840,840,15,840
"165",840,840,840,840,0,840
"166",840,840,840,840,0,840
"167",840,840,840,840,0,840
"168",831,831,831,831,3,831
"169",831,831,831,831,0,831
"170",831,831,831,831,0,831
"171",831,831,831,831,0,831
"172",831,831,831,831,0,831
"173",831,831,831,831,0,831
"174",831,831,831,831,0,831
"175",831,831,831,831,0,831
"176",831,831,831,831,0,831
"177",831,831,831,831,0,831
"178",831,831,831,831,0,831
"179",831,831,831,831,0,831
"180",831,831,831,831,0,831
"181",831,831,831,831,0,831
"182",831,831,831,831,0,831
"183",831,831,831,831,0,831
"184",831,831,831,831,0,831
"185",831,831,831,831,0,831
"186",831,831,831,831,0,831
"187",831,831,831,831,0,831
"188",831,831,831,831,0,831
"189",831,831,831,831,0,831
"190",667.5,667.5,667.5,667.5,1,667.5
"191",667.5,667.5,667.5,667.5,0,667.5
"192",667.5,667.5,667.5,667.5,0,667.5
"193",667.5,667.5,667.5,667.5,0,667.5
"194",667.5,667.5,667.5,667.5,0,667.5
"195",667.5,667.5,667.5,667.5,0,667.5
"196",667.5,667.5,667.5,667.5,0,667.5
"197",667.5,667.5,667.5,667.5,0,667.5
"198",667.5,667.5,667.5,667.5,0,667.5
"199",667.5,667.5,667.5,667.5,0,667.5
"200",667.5,667.5,667.5,667.5,0,667.5
"201",667.5,667.5,667.5,667.5,0,667.5
"202",667.5,667.5,667.5,667.5,0,667.5
"203",667.5,667.5,667.5,667.5,0,667.5
"204",667.5,667.5,667.5,667.5,0,667.5
"205",667.5,667.5,667.5,667.5,0,667.5
"206",667.5,667.5,667.5,667.5,0,667.5
"207",667.5,667.5,667.5,667.5,0,667.5
"208",667.5,667.5,667.5,667.5,0,667.5
"209",667.5,667.5,667.5,667.5,0,667.5
"210",667.5,667.5,667.5,667.5,0,667.5
"211",667.5,667.5,667.5,667.5,0,667.5
"212",667.5,667.5,667.5,667.5,0,667.5
"213",667.5,667.5,667.5,667.5,0,667.5
"214",667.5,667.5,667.5,667.5,0,667.5
"215",667.5,667.5,667.5,667.5,0,667.5
"216",667.5,667.5,667.5,667.5,0,667.5
"217",667.5,667.5,667.5,667.5,0,667.5
"218",729,729,729,729,10,729
"219",729,729,729,729,0,729
"220",729,729,729,729,0,729
"221",729,729,729,729,0,729
"222",729,729,729,729,0,729
"223",729,729,729,729,0,729
"224",729,729,729,729,0,729
"225",729,729,729,729,0,729
"226",729,729,729,729,0,729
"227",729,729,729,729,0,729
"228",729,729,729,729,0,729
"229",729,729,729,729,0,729
"230",729,729,729,729,0,729
"231",729,729,729,729,0,729
"232",729,729,729,729,0,729
"233",729,729,729,729,0,729
"234",729,729,729,729,0,729
"235",729,729,729,729,0,729
"236",729,729,729,729,0,729
"237",729,729,729,729,0,729
"238",729,729,729,729,0,729
"239",729,729,729,729,0,729
"240",729,729,729,729,0,729
"241",729,729,729,729,0,729
"242",729,729,729,729,0,729
"243",729,729,729,729,0,729
"244",729,729,729,729,0,729
"245",729,729,729,729,0,729
"246",729,729,729,729,0,729
"247",729,729,729,729,0,729
"248",729,729,729,729,0,729
"249",729,729,729,729,0,729
"250",729,729,729,729,0,729
"251",729,729,729,729,0,729
"252",729,729,729,729,0,729
"253",729,729,729,729,0,729
"254",729,729,729,729,0,729
"255",729,729,729,729,0,729
"256",729,729,729,729,0,729
"257",729,729,729,729,0,729
"258",729,729,729,729,0,729
"259",729,729,729,729,0,729
"260",550.5,550.5,550.5,550.5,1,550.5
"261",550.5,550.5,550.5,550.5,0,550.5
"262",550.5,550.5,550.5,550.5,0,550.5
"263",550.5,550.5,550.5,550.5,0,550.5
"264",525,525,525,525,7,525
"265",525,525,525,525,0,525
"266",525,525,525,525,0,525
"267",525,525,525,525,0,525
"268",525,525,525,525,0,525
"269",525,525,525,525,0,525
"270",525,525,525,525,0,525
"271",525,525,525,525,0,525
"272",525,525,525,525,0,525
"273",525,525,525,525,0,525
"274",525,525,525,525,0,525
"275",525,525,525,525,0,525
"276",525,525,525,525,0,525
"277",525,525,525,525,0,525
"278",525,525,525,525,0,525
"279",562.5,562.5,562.5,562.5,7,562.5
"280",562.5,562.5,562.5,562.5,0,562.5
"281",562.5,562.5,562.5,562.5,0,562.5
"282",562.5,562.5,562.5,562.5,0,562.5
"283",562.5,562.5,562.5,562.5,0,562.5
"284",562.5,562.5,562.5,562.5,0,562.5
"285",562.5,562.5,562.5,562.5,0,562.5
"286",562.5,562.5,562.5,562.5,0,562.5
"287",562.5,562.5,562.5,562.5,0,562.5
"288",562.5,562.5,562.5,562.5,0,562.5
"289",562.5,562.5,562.5,562.5,0,562.5
"290",562.5,562.5,562.5,562.5,0,562.5
"291",562.5,562.5,562.5,562.5,0,562.5
"292",562.5,562.5,562.5,562.5,0,562.5
"293",562.5,562.5,562.5,562.5,0,562.5
"294",562.5,562.5,562.5,562.5,0,562.5
"295",562.5,562.5,562.5,562.5,0,562.5
"296",562.5,562.5,562.5,562.5,0,562.5
"297",562.5,562.5,562.5,562.5,0,562.5
"298",555,555,555,555,1,555
"299",580.5,580.5,579,579,2,579
"300",579,579,579,579,0,579
"301",540,540,540,540,2,540
"302",540,540,540,540,0,540
"303",540,540,540,540,0,540
"304",540,540,540,540,0,540
"305",540,540,540,540,0,540
"306",540,540,540,540,0,540
"307",532.5,532.5,532.5,532.5,33,532.5
"308",525,525,525,525,20,525
"309",525,525,525,525,0,525
"310",525,525,525,525,0,525
"311",525,525,525,525,0,525
"312",525,525,525,525,0,525
"313",525,525,525,525,0,525
"314",525,525,525,525,0,525
"315",525,525,525,525,0,525
"316",525,525,525,525,0,525
"317",525,525,525,525,0,525
"318",525,525,525,525,0,525
"319",477,477,472.5,472.5,21,472.5
"320",477,477,472.5,472.5,3,472.5
"321",463.5,463.5,457.5,457.5,1668,457.5
"322",453,456,448.5,456,69,456
"323",460.5,460.5,454.5,454.5,3,454.5
"324",451.5,451.5,451.5,451.5,1,451.5
"325",451.5,451.5,451.5,451.5,0,451.5
"326",474,474,474,474,1,474
"327",481.5,484.5,480,480,69,480
"328",481.5,489,481.5,481.5,15,481.5
"329",481.5,481.5,481.5,481.5,0,481.5
"330",469.5,472.5,469.5,472.5,2,472.5
"331",483,484.5,483,483,3,483
"332",496.5,496.5,496.5,496.5,1,496.5
"333",513,513,513,513,1,513
"334",519,519,519,519,1,519
"335",519,519,519,519,1,519
"336",532.5,543,532.5,541.5,7,541.5
"337",538.5,538.5,537,537,4,537
"338",514.5,526.5,514.5,526.5,2,526.5
"339",519,519,519,519,3334,519
"340",513,513,508.5,508.5,65,508.5
"341",508.5,508.5,508.5,508.5,0,508.5
"342",526.5,526.5,526.5,526.5,1,526.5
"343",525,525,525,525,1,525
"344",522,522,517.5,517.5,65,517.5
"345",505.5,505.5,502.5,502.5,1,502.5
"346",502.5,502.5,502.5,502.5,0,502.5
"347",502.5,502.5,502.5,502.5,1,502.5
"348",502.5,502.5,502.5,502.5,0,502.5
"349",502.5,502.5,502.5,502.5,0,502.5
"350",478.5,478.5,478.5,478.5,1,478.5
"351",477,480,477,480,13,480
"352",471,472.5,471,472.5,1,472.5
"353",472.5,472.5,472.5,472.5,0,472.5
"354",472.5,472.5,472.5,472.5,0,472.5
"355",450,450,450,450,1,450
"356",454.5,483,454.5,483,5,483
"357",453,453,451.5,451.5,1,451.5
"358",447,447,447,447,1,447
"359",442.5,442.5,442.5,442.5,1,442.5
"360",442.5,442.5,442.5,442.5,0,442.5
"361",442.5,442.5,438,438,1,438
"362",441,441,421.5,421.5,5,421.5
"363",426,426,426,426,1,426
"364",418.5,418.5,415.5,415.5,2,415.5
"365",397.5,397.5,390,390,3,390
"366",390,390,390,390,1,390
"367",417,417,397.5,397.5,4,397.5
"368",412.5,412.5,406.5,406.5,2,406.5
"369",414,414,406.5,406.5,2,406.5
"370",396,396,390,390,1,390
"371",343.5,343.5,337.5,337.5,2,337.5
"372",351,351,351,351,1,351
"373",382.5,382.5,382.5,382.5,1,382.5
"374",393,393,393,393,4,393
"375",414,417,414,417,1,417
"376",427.5,429,427.5,427.5,5,427.5
"377",427.5,427.5,427.5,427.5,0,427.5
"378",429,438,429,438,4,438
"379",438,438,438,438,0,438
"380",438,438,438,438,0,438
"381",438,438,438,438,0,438
"382",351,351,351,351,1,351
"383",361.5,361.5,361.5,361.5,1,361.5
"384",366,369,366,369,3,369
"385",378,378,378,378,1,378
"386",378,378,378,378,0,378
"387",378,378,378,378,0,378
"388",345,346.5,345,346.5,1,346.5
"389",336,336,336,336,1,336
"390",322.5,322.5,322.5,322.5,1,322.5
"391",307.5,307.5,307.5,307.5,1,307.5
"392",307.5,307.5,307.5,307.5,0,307.5
"393",325.5,325.5,325.5,325.5,1,325.5
"394",325.5,325.5,325.5,325.5,1,325.5
"395",325.5,325.5,325.5,325.5,0,325.5
"396",325.5,325.5,325.5,325.5,0,325.5
"397",325.5,325.5,325.5,325.5,0,325.5
"398",325.5,325.5,325.5,325.5,0,325.5
"399",325.5,325.5,325.5,325.5,0,325.5
"400",325.5,325.5,325.5,325.5,0,325.5
"401",325.5,325.5,325.5,325.5,0,325.5
"402",325.5,325.5,325.5,325.5,0,325.5
"403",325.5,325.5,325.5,325.5,0,325.5
"404",325.5,325.5,325.5,325.5,0,325.5
"405",325.5,325.5,325.5,325.5,0,325.5
"406",325.5,325.5,325.5,325.5,0,325.5
"407",325.5,325.5,325.5,325.5,0,325.5
"408",367.5,373.5,367.5,367.5,2,367.5
"409",310.5,321,310.200012,321,9,321
"410",321,321,321,321,0,321
"411",259.5,274.5,259.5,274.5,45,274.5
"412",272.100006,272.100006,270,270,20,270
"413",270,270,270,270,0,270
"414",270,270,270,270,0,270
"415",277.5,288,277.5,288,2,288
"416",288,288,288,288,0,288
"417",288,288,288,288,0,288
"418",288,288,288,288,0,288
"419",288,288,288,288,0,288
"420",288,288,288,288,0,288
"421",292.5,292.5,292.5,292.5,1,292.5
"422",267,267,267,267,13,267
"423",267,267,267,267,1,267
"424",258.299988,258.299988,258.299988,258.299988,3,258.299988
"425",258.299988,258.299988,258.299988,258.299988,0,258.299988
"426",258.299988,258.299988,258.299988,258.299988,0,258.299988
"427",241.5,241.5,241.5,241.5,1,241.5
"428",235.5,247.5,235.5,247.5,1,247.5
"429",226.5,226.5,225,226.5,4,226.5
"430",234,234,234,234,1,234
"431",249,249,247.5,247.5,3,247.5
"432",252,252,252,252,1,252
"433",259.5,259.5,259.5,259.5,1,259.5
"434",259.5,259.5,259.5,259.5,0,259.5
"435",259.5,259.5,259.5,259.5,0,259.5
"436",259.5,259.5,259.5,259.5,0,259.5
"437",259.5,259.5,259.5,259.5,0,259.5
"438",239.985001,240,239.985001,240,27,240
"439",241.5,241.5,241.5,241.5,33,241.5
"440",217.5,220.5,217.5,220.5,1,220.5
"441",194.985001,204,189,189,44,189
"442",141.884995,153,141.884995,153,27,153
"443",157.5,189,157.5,189,11,189
"444",163.485001,168,163.485001,168,77,168
"445",171,177,168,177,2,177
"446",210,243,210,243,21,243
"447",215.985001,229.5,211.5,211.5,90,211.5
"448",193.5,210,193.5,210,3,210
"449",180,180,177,177,3,177
"450",160.5,165,156,165,3,165
"451",184.5,184.5,181.5,181.5,1,181.5
"452",176.985001,184.5,166.5,184.5,49,184.5
"453",192,192,192,192,6,192
"454",231,247.5,229.5,237,111,237
"455",217.5,217.5,199.5,217.5,8,217.5
"456",214.5,232.5,214.5,232.5,3,232.5
"457",238.5,240,228,240,347,240
"458",255,300,244.5,291,15,291
"459",306,306,277.5,277.5,82,277.5
"460",291,294,274.5,274.5,45,274.5
"461",255,264,255,255,125,255
"462",250.5,252,244.5,247.5,113,247.5
"463",231,231,231,231,1,231
"464",208.5,210,208.5,210,1,210
"465",225,225,223.5,223.5,9,223.5
"466",223.5,223.5,223.5,223.5,0,223.5
"467",223.5,223.5,223.5,223.5,0,223.5
"468",213,213,213,213,43,213
"469",213,213,213,213,0,213
"470",213,213,213,213,0,213
"471",213,213,213,213,0,213
"472",213,213,213,213,0,213
"473",213,213,213,213,0,213
"474",180,180,180,180,3,180
"475",181.514999,187.5,181.514999,187.5,41,187.5
"476",178.5,178.5,163.5,163.5,4,163.5
"477",165,172.5,165,172.5,46,172.5
"478",187.5,202.5,187.5,202.5,2,202.5
"479",202.5,202.5,202.5,202.5,0,202.5
"480",195,195,195,195,13,195
"481",202.5,202.5,195,195,2,195
"482",195,195,195,195,0,195
"483",177,177,177,177,1,177
"484",177,177,177,177,0,177
"485",187.5,187.5,187.5,187.5,83,187.5
"486",187.5,187.5,187.5,187.5,0,187.5
"487",184.5,187.5,175.5,175.5,33,175.5
"488",175.5,175.5,175.5,175.5,0,175.5
"489",190.5,190.5,190.5,190.5,3,190.5
"490",184.5,187.5,184.5,187.5,2,187.5
"491",193.5,193.5,193.5,193.5,1,193.5
"492",193.5,193.5,193.5,193.5,0,193.5
"493",193.5,193.5,193.5,193.5,0,193.5
"494",193.5,193.5,193.5,193.5,0,193.5
"495",193.5,193.5,193.5,193.5,0,193.5
"496",172.5,172.5,172.5,172.5,65,172.5
"497",157.5,172.5,157.5,172.5,25,172.5
"498",171,171,171,171,1,171
"499",171,171,171,171,0,171
"500",156.014999,166.5,156.014999,166.5,99,166.5
"501",165,178.5,162,178.5,229,178.5
"502",183,184.5,174,184.5,55,184.5
"503",190.5,201,190.5,195,15,195
"504",210,210,196.5,196.5,3,196.5
"505",196.5,196.5,196.5,196.5,0,196.5
"506",196.5,196.5,196.5,196.5,0,196.5
"507",228,228,228,228,2,228
"508",228,228,228,228,0,228
"509",196.5,196.5,184.5,196.5,3,196.5
"510",196.5,196.5,196.5,196.5,0,196.5
"511",218.985001,218.985001,217.5,217.5,26,217.5
"512",217.5,217.5,217.5,217.5,53,217.5
"513",217.5,217.5,217.5,217.5,0,217.5
"514",217.5,217.5,217.5,217.5,0,217.5
"515",217.5,217.5,217.5,217.5,0,217.5
"516",217.5,217.5,217.5,217.5,0,217.5
"517",217.5,217.5,217.5,217.5,0,217.5
"518",199.5,214.5,198,208.5,169,208.5
"519",208.5,208.5,208.5,208.5,0,208.5
"520",204.014999,204.014999,204.014999,204.014999,5,204.014999
"521",205.5,205.5,205.5,205.5,7,205.5
"522",201,201,201,201,2,201
"523",201,201,201,201,0,201
"524",207,210,207,210,25,210
"525",210,210,210,210,0,210
"526",193.5,193.5,193.5,193.5,93,193.5
"527",193.5,193.5,193.5,193.5,0,193.5
"528",202.5,202.5,202.5,202.5,1,202.5
"529",202.5,202.5,202.5,202.5,0,202.5
"530",202.5,202.5,202.5,202.5,0,202.5
"531",202.5,202.5,202.5,202.5,0,202.5
"532",202.5,202.5,202.5,202.5,0,202.5
"533",187.5,187.5,187.5,187.5,2,187.5
"534",180,180,180,180,5,180
"535",198,205.5,198,201,74,201
"536",181.5,184.5,181.5,181.5,201,181.5
"537",156,180,156,172.5,216,172.5
"538",154.5,160.5,154.5,160.5,2,160.5
"539",160.5,160.5,160.5,160.5,0,160.5
"540",157.5,169.5,157.5,169.5,41,169.5
"541",165,165,153,156,148,156
"542",187.5,195,187.5,190.5,27,190.5
"543",193.5,202.5,193.5,201,78,201
"544",192,192,192,192,25,192
"545",192,192,192,192,382,192
"546",191.865005,192,192,192,30,192
"547",192,192,192,192,0,192
"548",192,192,192,192,0,192
"549",192,192,192,192,0,192
"550",192,192,192,192,0,192
"551",192,192,192,192,0,192
"552",192,192,192,192,0,192
"553",192,192,192,192,0,192
"554",192,192,192,192,0,192
"555",192,192,192,192,0,192
"556",192,192,192,192,0,192
"557",192,192,192,192,0,192
"558",192,192,192,192,0,192
"559",192,192,192,192,0,192
"560",192,192,192,192,0,192
"561",192,192,192,192,0,192
"562",192,192,192,192,0,192
"563",192,192,192,192,0,192
"564",192,192,192,192,0,192
"565",192,192,192,192,0,192
"566",192,192,192,192,0,192
"567",192,192,192,192,0,192
"568",192,192,192,192,0,192
"569",192,192,192,192,0,192
"570",192,192,192,192,0,192
"571",112.5,120,112.5,120,61,120
"572",120,120,120,120,0,120
"573",76.5,76.5,76.5,76.5,3,76.5
"574",76.5,76.5,76.5,76.5,0,76.5
"575",76.5,76.5,76.5,76.5,0,76.5
"576",76.5,76.5,76.5,76.5,0,76.5
"577",111,111,111,111,1,111
"578",111,111,68.25,68.25,7,68.25
"579",68.25,68.25,68.25,68.25,0,68.25
"580",68.25,68.25,68.25,68.25,0,68.25
"581",68.25,68.25,68.25,68.25,0,68.25
"582",68.25,68.25,68.25,68.25,0,68.25
"583",68.25,68.25,68.25,68.25,0,68.25
"584",82.5,82.5,82.5,82.5,7,82.5
"585",82.5,82.5,82.5,82.5,0,82.5
"586",75,75,75,75,1,75
"587",75,75,75,75,0,75
"588",75,75,75,75,0,75
"589",75,75,75,75,0,75
"590",75,75,75,75,0,75
"591",75,75,75,75,0,75
"592",75,75,75,75,0,75
"593",75,75,75,75,0,75
"594",75,75,75,75,0,75
"595",75,75,75,75,0,75
"596",75,75,75,75,0,75
"597",75,75,75,75,0,75
"598",75,75,75,75,0,75
"599",75,75,75,75,0,75
"600",75,75,75,75,0,75
"601",75,75,75,75,0,75
"602",75,75,75,75,0,75
"603",75,75,75,75,0,75
"604",75,75,75,75,0,75
"605",90,90,90,90,7,90
"606",90,90,90,90,0,90
"607",90,90,90,90,0,90
"608",90,90,90,90,0,90
"609",90,90,90,90,0,90
"610",82.5,82.5,82.5,82.5,7,82.5
"611",75.239998,76.5,74.985001,74.985001,22,74.985001
"612",69.75,69.75,61.724998,61.724998,33,61.724998
"613",62.970001,62.970001,62.970001,62.970001,1,62.970001
"614",64.5,64.5,64.5,64.5,17,64.5
"615",78.885002,78.885002,76.485001,76.485001,18,76.485001
"616",76.485001,76.485001,76.485001,76.485001,0,76.485001
"617",76.485001,76.485001,76.485001,76.485001,0,76.485001
"618",76.485001,76.485001,76.485001,76.485001,0,76.485001
"619",76.485001,76.485001,76.485001,76.485001,0,76.485001
"620",76.485001,76.485001,76.485001,76.485001,0,76.485001
"621",76.485001,76.485001,76.485001,76.485001,0,76.485001
"622",97.004997,97.004997,97.004997,97.004997,5,97.004997
"623",97.004997,97.004997,97.004997,97.004997,0,97.004997
"624",105,105,105,105,13,105
"625",105,105,105,105,0,105
"626",117,117,117,117,7,117
"627",121.199997,126.599998,121.199997,126.599998,20,126.599998
"628",116.669998,133.5,116.669998,133.5,14,133.5
"629",133.5,133.5,133.5,133.5,0,133.5
"630",124.035004,124.035004,112.5,112.5,9,112.5
"631",112.5,112.5,112.5,112.5,0,112.5
"632",112.5,112.5,112.5,112.5,0,112.5
"633",122.25,122.25,122.25,122.25,7,122.25
"634",108,114.584999,108,114.584999,5,114.584999
"635",114.584999,114.584999,114.584999,114.584999,7,114.584999
"636",112.5,126.389999,112.5,126.389999,27,126.389999
"637",110.445,110.445,105,105,413,105
"638",90,96.375,90,93.75,33,93.75
"639",84,84,84,84,133,84
"640",90.389999,90.389999,90.389999,90.389999,4,90.389999
"641",79.650002,79.650002,79.650002,79.650002,1,79.650002
"642",79.5,79.5,79.5,79.5,27,79.5
"643",68.519997,73.5,66.764999,73.5,37,73.5
"644",67.5,68.400002,65.25,68.400002,183,68.400002
"645",69.839996,69.839996,69.839996,69.839996,17,69.839996
"646",60.959999,69,60.255001,69,57,69
"647",58.275002,58.275002,58.275002,58.275002,50,58.275002
"648",58.275002,58.275002,58.275002,58.275002,0,58.275002
"649",31.5,37.5,15,28.5,396,28.5
"650",36,37.5,36,37.5,136,37.5
"651",30,30,29.25,29.25,387,29.25
"652",12.69,24.9,12.69,24.9,31,24.9
"653",18.75,18.915001,13.65,15,466,15
"654",18,45,12.9,30,8637,30
"655",24.75,63,24.75,37.5,7716,37.5
"656",39,39,21,21.735001,25472,21.735001
"657",10,10.5,7.1,9.9,5865,9.9
"658",8.014,8.014,6,7.625,4210,7.625
"659",7.09,7.65,6.955,7.4,12216,7.4
"660",6.083,6.09,5.2,5.2,9899,5.2
"661",4.6,4.6,3.7,4,26688,4
"662",3.6,4.65,3.6,4.4,10638,4.4
"663",4.4,4.4,3.7,3.7,7065,3.7
"664",2.895,2.895,2.8,2.85,10429,2.85
"665",3.19701,3.225,2.95,3.225,1807,3.225
"666",3.3,3.3,3.025,3.15,1189,3.15
"667",3.35,3.4,3.35,3.4,3898,3.4
"668",3.3,3.31,3.3,3.31,1450,3.31
"669",3.45,3.45,3.4,3.45,664,3.45
"670",3.709,3.85,3.65,3.85,2609,3.85
"671",3.827,3.827,3.787,3.8,2604,3.8
"672",3.749,3.749,3.749,3.749,50,3.749
"673",3.802,3.802,3.484,3.7,2030,3.7
"674",3.6,3.6,3.55,3.55,2333,3.55
"675",3.55,3.8,3.55,3.8,219,3.8
"676",3,3,3,3,134,3
"677",3.35,3.35,3.35,3.35,55,3.35
"678",3.55,3.55,3.3,3.3,40621,3.3
"679",3.3,3.3019,3.3,3.3,68,3.3
"680",3.068,3.312,3,3.0008,2500,3.0008
"681",3,3,3,3,137,3
"682",3,3,3,3,0,3
"683",3.131,3.131,3.131,3.131,1250,3.131
"684",3.09,3.3,3.09,3.3,657,3.3
"685",3.2,3.255,3.2,3.255,1048,3.255
"686",3.005,3.026,2.9264,3.026,689,3.026
"687",2.81,2.81,2.625,2.625,327,2.625
"688",2.622,2.62828,2.585,2.62828,700,2.62828
"689",2.458,2.5,2.458,2.5,16644,2.5
"690",2.797,2.797,2.66,2.66,1082,2.66
"691",2.825,2.825,2.825,2.825,94,2.825
"692",2.75,2.825,2.75,2.825,16400,2.825
"693",2.825,2.825,2.825,2.825,0,2.825
"694",2.687,2.687,2.5349,2.5349,120,2.5349
"695",2.5349,2.5349,2.5349,2.5349,0,2.5349
"696",2.498,2.825,2.497,2.497,577,2.497
"697",2.774,2.774,2.774,2.774,300,2.774
"698",2.559,2.559,2.21,2.21,787,2.21
"699",2.21,2.21,2.21,2.21,0,2.21
"700",2.2,2.232,2.2,2.232,800,2.232
"701",2.133,2.133,2,2,600,2
"702",1.5,1.75,1.5,1.67065,2998,1.67065
"703",1.6707,1.6707,1.6707,1.6707,0,1.6707
"704",1.6707,1.6707,1.6707,1.6707,0,1.6707
"705",1.55,1.55,1.55,1.55,13700,1.55
"706",2.103,2.103,1.825,1.825,1400,1.825
"707",2.1,2.16,2.1,2.108,1116,2.108
"708",2.044,2.044,2.044,2.044,2000,2.044
"709",2.044,2.044,2.044,2.044,0,2.044
"710",1.732,1.943,1.732,1.943,45,1.943
"711",1.943,1.943,1.943,1.943,0,1.943
"712",1.8,1.8,1.8,1.8,100,1.8
"713",1.77719,1.77719,1.72,1.72,1400,1.72
"714",1.8532,1.8532,1.8532,1.8532,100,1.8532
"715",2.1,2.225,2.1,2.1974,1050,2.1974
"716",2.105,2.105,2.105,2.105,450,2.105
"717",2.352,2.4,2.352,2.4,616,2.4
"718",2.495,2.725,2.495,2.7,974,2.7
"719",2.491,2.5048,2.491,2.5048,1006,2.5048
"720",2.375,2.65,2.364,2.65,1302,2.65
"721",2.65,2.65,2.65,2.65,0,2.65
"722",2.456,2.65,2.456,2.65,620,2.65
"723",2.65,2.65,2.61,2.65,1290,2.65
"724",2.4721,2.4721,2.39,2.39,330,2.39
"725",2.925,2.925,2.815,2.925,375,2.925
"726",2.711,2.713,2.62095,2.652,1720,2.652
"727",2.56044,2.56044,2.56044,2.56044,161,2.56044
"728",2.7,2.7,2.685,2.685,95,2.685
"729",2.728,2.728,2.639,2.639,680,2.639
"730",2.3335,2.452,2.3335,2.4484,837,2.4484
"731",2.425,2.425,2.31794,2.31794,414,2.31794
"732",2.3179,2.3179,2.3179,2.3179,0,2.3179
"733",2.571,2.571,2.52086,2.52086,381,2.52086
"734",2.5209,2.5209,2.5209,2.5209,0,2.5209
"735",2.757,2.757,2.757,2.757,242,2.757
"736",2.763,2.833,2.763,2.833,1516,2.833
"737",2.833,2.833,2.833,2.833,0,2.833
"738",2.79,2.8,2.6,2.6,1037,2.6
"739",2.552,2.76,2.552,2.69,720,2.69
"740",2.501,2.689,2.501,2.689,600,2.689
"741",2.689,2.689,2.689,2.689,0,2.689
"742",2.689,2.689,2.689,2.689,0,2.689
"743",2.689,2.689,2.689,2.689,0,2.689
"744",2.6,2.619,2.6,2.619,370,2.619
"745",2.587,2.587,2.45,2.45,800,2.45
"746",2.457,2.457,2.457,2.457,300,2.457
"747",2.34,2.49,2.34,2.49,997,2.49
"748",2.9,2.91177,2.7615,2.7615,2545,2.7615
"749",2.9,2.9,2.9,2.9,700,2.9
"750",2.9,2.9,2.9,2.9,0,2.9
"751",3,3,2.884,3,367,3
"752",3.03402,3.091,3.03402,3.075,777,3.075
"753",3.3,3.35,3.2351,3.2351,23700,3.2351
"754",3.235,3.235,3.235,3.235,150,3.235
"755",3.25,3.25,3.25,3.25,172,3.25
"756",3.235,3.235,3.2,3.2,4515,3.2
"757",2.998,3,2.875,2.875,2226,2.875
"758",3.025,3.025,3.025,3.025,250,3.025
"759",3.025,3.025,3.025,3.025,0,3.025
"760",3.14365,3.14365,3.14365,3.14365,75,3.14365
"761",3.1,3.1,2.987,3.098,270,3.098
"762",3.25,3.481,3.25,3.481,833,3.481
"763",3.349,3.349,3.31,3.32,520,3.32
"764",3.197,3.197,3.197,3.197,1583,3.197
"765",3.55,3.675,3.54,3.66,1621,3.66
"766",3.525,3.525,3.4,3.4,1928,3.4
"767",3.4,3.4,3.4,3.4,0,3.4
"768",3.4,3.4,3.4,3.4,0,3.4
"769",3.36,3.36,3.36,3.36,300,3.36
"770",3.45,3.45,3.45,3.45,200,3.45
"771",3.3,3.35,3.15,3.35,600,3.35
"772",3.35,3.4,3.3,3.366,5609,3.366
"773",3.375,3.54,3.375,3.507,30259,3.507
"774",3.625,3.77,3.625,3.77,2030,3.77
"775",3.575,3.575,3.53,3.53,2130,3.53
"776",3.53,3.53,3.53,3.53,0,3.53
"777",3.385,3.4,3.385,3.4,375,3.4
"778",3.35,3.35,3.04,3.04,550,3.04
"779",3.381,3.39,3.35,3.39,956,3.39
"780",3.25,3.25,3.225,3.225,95,3.225
"781",3.125,3.125,3.0784,3.125,593,3.125
"782",3.125,3.125,3.125,3.125,0,3.125
"783",3.125,3.125,3.125,3.125,21,3.125
"784",3.31205,3.35,3.31205,3.35,79,3.35
"785",3.4,3.4,3.4,3.4,200,3.4
"786",3.24105,3.24105,3,3,547,3
"787",2.9,3,2.9,3,1644,3
"788",2.595,2.595,2.375,2.375,1520,2.375
"789",2.4366,2.595,2,2,2630,2
"790",2.75,2.75,2.75,2.75,401,2.75
"791",2.425,2.425,2.3,2.42,12660,2.42
"792",2.42,2.42,2.42,2.42,0,2.42
"793",3.2,3.2,2.8,3.1034,716,3.1034
"794",3.1034,3.1034,3.1034,3.1034,0,3.1034
"795",3.1034,3.1034,3.1034,3.1034,0,3.1034
"796",3.055,3.3,3.055,3.3,798,3.3
"797",2.275,2.5,2,2.16,5611,2.16
"798",2.15,2.175,2.075,2.122,3430,2.122
"799",2.3,2.312,2.21665,2.295,1742,2.295
"800",2.25,2.29,2.2,2.25,1903,2.25
"801",2.21,2.22,2.188,2.211,980,2.211
"802",2.2,2.2,2.16,2.2,542,2.2
"803",2.1,2.1,1.96,1.96,1951,1.96
"804",1.96,1.96,1.96,1.96,0,1.96
"805",2.026,2.045,2,2,882,2
"806",2.1,2.122,2.1,2.122,470,2.122
"807",2.154,2.17,2.154,2.17,465,2.17
"808",2.1,2.112,2.1,2.112,933,2.112
"809",2.112,2.112,2.112,2.112,0,2.112
"810",2.112,2.112,2.112,2.112,0,2.112
"811",2.246,2.246,2.246,2.246,400,2.246
"812",2.159,2.159,2.159,2.159,38,2.159
"813",2.159,2.159,2.159,2.159,0,2.159
"814",2.199,2.28,2.199,2.28,301,2.28
"815",2.2,2.2,2.2,2.2,405,2.2
"816",2.2,2.2,2.2,2.2,500,2.2
"817",2.09,2.09,2,2.01,410,2.01
"818",2.01,2.01,2.01,2.01,0,2.01
"819",2.0207,2.0207,2,2,133,2
"820",1.98,1.98,1.98,1.98,21154,1.98
"821",2.242,2.265,2.242,2.242,1357,2.242
"822",2.24,2.24,2.24,2.24,21000,2.24
"823",1.99,1.99,1.886,1.886,1220,1.886
"824",1.96,1.98,1.96,1.98,20608,1.98
"825",1.98,1.98,1.98,1.98,0,1.98
"826",1.98,1.98,1.98,1.98,0,1.98
"827",2.0339,2.068,2.0339,2.068,310,2.068
"828",2.06,2.06,2,2.058,833,2.058
"829",2.134,2.134,2.134,2.134,155,2.134
"830",2.134,2.134,2.134,2.134,0,2.134
"831",2.134,2.134,2.134,2.134,0,2.134
"832",2.03,2.135,2.03,2.135,555,2.135
"833",2.135,2.135,2.135,2.135,0,2.135
"834",2.12,2.12,2.12,2.12,400,2.12
"835",2.18,2.18,2.18,2.18,1000,2.18
"836",2.0899,2.0899,2.0899,2.0899,500,2.0899
"837",2.138,2.138,2.05,2.05,747,2.05
"838",2.05,2.05,2.05,2.05,0,2.05
"839",2.07,2.07,2.07,2.07,439,2.07
"840",2.07,2.07,2.07,2.07,0,2.07
"841",2.1,2.1,2.1,2.1,333,2.1
"842",2.092,2.092,2.092,2.092,365,2.092
"843",2.134,2.134,2.134,2.134,809,2.134
"844",2.33,2.33,2.33,2.33,2200,2.33
"845",2.309,2.309,2.309,2.309,150,2.309
"846",2.36,2.36,2.36,2.36,20,2.36
"847",2.36,2.36,2.36,2.36,0,2.36
"848",2.36,2.36,2.36,2.36,0,2.36
"849",2.32,2.32,2.32,2.32,200,2.32
"850",2.28,2.28,2.28,2.28,40,2.28
"851",2.13,2.13,2.13,2.13,90,2.13
"852",2.13,2.13,2.13,2.13,0,2.13
"853",2.13,2.13,2.13,2.13,0,2.13
"854",2.13,2.13,2.13,2.13,0,2.13
"855",2.074,2.074,2.074,2.074,1500,2.074
"856",2.103,2.103,2.103,2.103,14,2.103
"857",2.103,2.103,2.103,2.103,0,2.103
"858",2.103,2.103,2.103,2.103,0,2.103
"859",2.22,2.22,2.22,2.22,50,2.22
"860",2.22,2.22,2.22,2.22,0,2.22
"861",2.17,2.17,2.15,2.15,486,2.15
"862",2.15,2.15,2.15,2.15,0,2.15
"863",2.109,2.109,2.109,2.109,37,2.109
"864",2.1,2.1,2,2,1163,2
"865",2.1,2.1,2.1,2.1,62,2.1
"866",2.1,2.1,2.1,2.1,0,2.1
"867",2.176,2.188,2.176,2.188,1496,2.188
"868",2.1239,2.1239,2.1239,2.1239,100,2.1239
"869",2.06,2.06,2.06,2.06,600,2.06
"870",2.06,2.06,2.06,2.06,0,2.06
"871",2.16,2.16,2.16,2.16,1000,2.16
"872",2.16,2.16,2.16,2.16,0,2.16
"873",2.13,2.13,2.13,2.13,500,2.13
"874",2.13,2.13,2.13,2.13,0,2.13
"875",2.184,2.184,2.16,2.16,3000,2.16
"876",2.1899,2.1899,2.1899,2.1899,10,2.1899
"877",2.1899,2.1899,2.1899,2.1899,0,2.1899
"878",2.224,2.224,2.224,2.224,1000,2.224
"879",2.236,2.236,2.236,2.236,1500,2.236
"880",2.19,2.19,2.16,2.16,1045,2.16
"881",2.13,2.13,2.13,2.13,25,2.13
"882",2.09,2.09,2.0624,2.0624,1100,2.0624
"883",2.0161,2.0207,2,2,516,2
"884",2,2,2,2,0,2
"885",2,2,2,2,0,2
"886",1.97,2.08,1.97,2.08,1790,2.08
"887",2.012,2.012,2.012,2.012,650,2.012
"888",2.032,2.032,2.032,2.032,500,2.032
"889",2.04,2.04,1.95,1.95,1358,1.95
"890",2.004,2.004,2.004,2.004,750,2.004
"891",1.95,2.052,1.95,2.052,4080,2.052
"892",2.06,2.06,2.06,2.06,100,2.06
"893",2.06,2.06,1.98,1.98,224,1.98
"894",2.03,2.03,2.03,2.03,40000,2.03
"895",1.95,2.11,1.95,2.11,1159,2.11
"896",1.98,2,1.98,2,1200,2
"897",1.97,1.97,1.956,1.97,1220,1.97
"898",1.981,1.981,1.981,1.981,55,1.981
"899",2.0953,2.164,2.07,2.156,2075,2.156
"900",2.3,2.3,2.3,2.3,10,2.3
"901",2.3,2.3,2.2253,2.2901,2250,2.2901
"902",2.2901,2.2901,2.2901,2.2901,0,2.2901
"903",2.5,2.5,2.474,2.474,5370,2.474
"904",2.474,2.474,2.474,2.474,0,2.474
"905",2.474,2.474,2.474,2.474,0,2.474
"906",2.272,2.272,2.12,2.12,4507,2.12
"907",2.35,2.499,2.31,2.31,1325,2.31
"908",2.378,2.4,2.32,2.32,1000,2.32
"909",2.32,2.32,2.32,2.32,0,2.32
"910",2.348,2.348,2.32,2.32,589,2.32
"911",2.5,2.5,2.5,2.5,300,2.5
"912",2.72,2.9,2.72,2.86,997,2.86
"913",2.78,2.78,2.78,2.78,500,2.78
"914",2.7,2.71,2.7,2.71,32,2.71
"915",2.68,2.68,2.656,2.656,210,2.656
"916",2.656,2.656,2.656,2.656,0,2.656
"917",2.656,2.656,2.656,2.656,0,2.656
"918",2.34,2.412,2.34,2.412,1140,2.412
"919",2.412,2.412,2.412,2.412,0,2.412
"920",2.412,2.412,2.412,2.412,0,2.412
"921",2.4,2.4,2.4,2.4,250,2.4
"922",2.48,2.5,2.48,2.5,284,2.5
"923",2.5,2.5,2.5,2.5,0,2.5
"924",2.36,2.36,2.35,2.35,22366,2.35
"925",2.46,2.46,2.46,2.46,261,2.46
"926",2.622,2.64,2.622,2.64,450,2.64
"927",2.45,2.5985,2.45,2.5985,200,2.5985
"928",2.514,2.514,2.514,2.514,100,2.514
"929",2.72,2.8,2.72,2.787,367,2.787
"930",2.78,2.78,2.7524,2.7524,920,2.7524
"931",2.73,2.73,2.73,2.73,615,2.73
"932",2.73,2.73,2.73,2.73,0,2.73
"933",2.72,2.75,2.6924,2.75,1511,2.75
"934",2.75,2.75,2.75,2.75,0,2.75
"935",2.8,2.8,2.8,2.8,1631,2.8
"936",2.79,2.8,2.75,2.8,900,2.8
"937",2.8,2.8,2.8,2.8,0,2.8
"938",2.618,2.618,2.444,2.444,1017,2.444
"939",2.444,2.444,2.444,2.444,0,2.444
"940",2.444,2.444,2.444,2.444,0,2.444
"941",2.444,2.444,2.444,2.444,0,2.444
"942",2.5201,2.532,2.42,2.43,450,2.43
"943",2.602,2.63,2.602,2.63,440,2.63
"944",2.692,2.692,2.692,2.692,220,2.692
"945",2.7885,2.7885,2.756,2.756,1148,2.756
"946",2.587,2.587,2.587,2.587,400,2.587
"947",2.44,2.44,2.31,2.35,1898,2.35
"948",2.32,2.32,2.32,2.32,250,2.32
"949",2.32,2.32,2.32,2.32,0,2.32
"950",2.4358,2.4358,2.4358,2.4358,350,2.4358
"951",2.35,2.35,2.35,2.35,793,2.35
"952",2.35,2.35,2.35,2.35,0,2.35
"953",2.35,2.35,2.35,2.35,0,2.35
"954",2.35,2.35,2.35,2.35,0,2.35
"955",2.35,2.35,2.35,2.35,0,2.35
"956",2.35,2.36,2.35,2.36,123,2.36
"957",2.36,2.36,2.36,2.36,0,2.36
"958",2.448,2.448,2.448,2.448,250,2.448
"959",2.448,2.448,2.448,2.448,0,2.448
"960",2.448,2.448,2.448,2.448,0,2.448
"961",2.44,2.52,2.44,2.52,11100,2.52
"962",2.66,2.66,2.5947,2.5947,300,2.5947
"963",2.5947,2.5947,2.5947,2.5947,0,2.5947
"964",2.5464,2.5464,2.5464,2.5464,100,2.5464
"965",2.5464,2.5464,2.5464,2.5464,0,2.5464
"966",2.5464,2.5464,2.5464,2.5464,0,2.5464
"967",2.5,2.5,2.5,2.5,199,2.5
"968",2.584,2.584,2.584,2.584,100,2.584
"969",2.584,2.584,2.584,2.584,0,2.584
"970",2.65,2.65,2.65,2.65,137,2.65
"971",2.5478,2.5478,2.5478,2.5478,16,2.5478
"972",2.44174,2.44174,2.44174,2.44174,1000,2.44174
"973",2.4417,2.4417,2.4417,2.4417,0,2.4417
"974",2.4417,2.4417,2.4417,2.4417,0,2.4417
"975",2.5,2.5,2.5,2.5,226,2.5
"976",2.622,2.622,2.622,2.622,400,2.622
"977",2.622,2.622,2.622,2.622,0,2.622
"978",2.622,2.622,2.622,2.622,0,2.622
"979",2.622,2.622,2.622,2.622,0,2.622
"980",2.622,2.622,2.622,2.622,0,2.622
"981",2.622,2.622,2.622,2.622,0,2.622
"982",2.622,2.622,2.622,2.622,0,2.622
"983",2.622,2.622,2.622,2.622,0,2.622
"984",2.4,2.4,2.4,2.4,1250,2.4
"985",2.34,2.34,2.34,2.34,10,2.34
"986",2.5,2.5,2.5,2.5,30,2.5
"987",2.58,2.6,2.58,2.6,1288,2.6
"988",2.6,2.6,2.6,2.6,0,2.6
"989",2.61,2.61,2.61,2.61,10,2.61
"990",2.61,2.61,2.61,2.61,0,2.61
"991",2.61,2.61,2.61,2.61,10,2.61
"992",2.59,2.59,2.59,2.59,17,2.59
"993",2.65,2.65,2.6255,2.6255,150,2.6255
"994",2.602,2.63,2.602,2.63,1530,2.63
"995",2.71,2.71,2.678,2.71,1049,2.71
"996",2.6824,2.71,2.6824,2.71,35,2.71
"997",2.59,2.59,2.59,2.59,330,2.59
"998",2.7,2.7,2.7,2.7,558,2.7
"999",2.7,2.7,2.7,2.7,0,2.7
"1000",2.7,2.7,2.7,2.7,0,2.7
"1001",2.7,2.7,2.7,2.7,0,2.7
"1002",2.6722,2.6722,2.6722,2.6722,22,2.6722
"1003",2.6722,2.6722,2.6722,2.6722,0,2.6722
"1004",2.6722,2.6722,2.6722,2.6722,0,2.6722
"1005",2.75,2.75,2.75,2.75,108,2.75
"1006",2.75,2.75,2.75,2.75,0,2.75
"1007",2.75,2.75,2.75,2.75,0,2.75
"1008",2.75,2.75,2.75,2.75,0,2.75
"1009",2.9837,2.9837,2.94,2.94,300,2.94
"1010",3.13,3.13,3.1055,3.1132,1019,3.1132
"1011",3.3309,3.37,3.3309,3.37,2040,3.37
"1012",3.36,3.36,3.36,3.36,1000,3.36
"1013",3.38,3.38,3.37,3.37,359,3.37
"1014",3.3,3.35,3.3,3.35,2780,3.35
"1015",3.36,3.56,3.36,3.548,1560,3.548
"1016",3.64,3.7,3.61595,3.67,3398,3.67
"1017",3.7155,3.75,3.622,3.622,90,3.622
"1018",3.58,3.731,3.58,3.704,3586,3.704
"1019",3.9964,3.9964,3.675,3.675,3750,3.675
"1020",3.625,3.625,3.6,3.6,1834,3.6
"1021",3.62,3.62,3.6,3.6,1029,3.6
"1022",3.6,3.6,3.6,3.6,0,3.6
"1023",3.6,3.6,3.6,3.6,0,3.6
"1024",3.331,3.504,3.331,3.504,2250,3.504
"1025",3.504,3.504,3.504,3.504,0,3.504
"1026",3.25,3.4,3.212,3.28,2101,3.28
"1027",3.54,3.54,3.35,3.35,610,3.35
"1028",3.35,3.35,3.35,3.35,0,3.35
"1029",3.35,3.35,3.35,3.35,400,3.35
"1030",3.35,3.35,3.35,3.35,0,3.35
"1031",3.152,3.152,3.1,3.1,260,3.1
"1032",3.1,3.1,3.1,3.1,0,3.1
"1033",3.2562,3.845,3.2562,3.845,1350,3.845
"1034",3.845,3.845,3.845,3.845,0,3.845
"1035",3.6771,3.6771,3.6771,3.6771,159,3.6771
"1036",3.6,3.71,3.584,3.71,1136,3.71
"1037",3.65,3.65,3.65,3.65,256,3.65
"1038",3.65,3.65,3.65,3.65,0,3.65
"1039",3.65,3.65,3.65,3.65,0,3.65
"1040",3.8,4,3.8,4,2013,4
"1041",3.98,4,3.98,4,625,4
"1042",3.94,3.94,3.77,3.93,4986,3.93
"1043",3.922,3.938,3.9,3.9,880,3.9
"1044",3.9,3.9,3.9,3.9,256,3.9
"1045",3.9,3.9,3.874,3.9,300,3.9
"1046",3.874,3.9,3.874,3.9,1963,3.9
"1047",3.75,3.75,3.75,3.75,150,3.75
"1048",3.75,3.75,3.75,3.75,0,3.75
"1049",3.7,3.81,3.65,3.65,1920,3.65
"1050",3.66,3.88,3.66,3.88,367,3.88
"1051",3.8,3.8,3.8,3.8,320,3.8
"1052",3.8,3.8,3.8,3.8,0,3.8
"1053",3.8128,3.827,3.8101,3.8101,1344,3.8101
"1054",4.05,4.05,4.05,4.05,1250,4.05
"1055",4.1,4.16,4.052,4.16,4733,4.16
"1056",4.05,4.1094,4.05,4.1094,248,4.1094
"1057",4.1,4.14,3.9,4.14,1096,4.14
"1058",4.1,4.2,4.1,4.2,2500,4.2
"1059",4.236,4.4,4.236,4.4,971,4.4
"1060",4.3848,4.3848,4.3848,4.3848,16,4.3848
"1061",4.28,4.28,4.28,4.28,101,4.28
"1062",4.3035,4.3035,4.155,4.155,121,4.155
"1063",4.4,4.4,4.35,4.358,7492,4.358
"1064",4.33,4.33,4.2,4.2,270,4.2
"1065",4.287,4.287,4.287,4.287,15,4.287
"1066",4.287,4.287,4.287,4.287,0,4.287
"1067",4.287,4.287,4.287,4.287,0,4.287
"1068",4.3,4.3,4.225,4.225,155,4.225
"1069",4.3,4.3,4.2601,4.2601,1000,4.2601
"1070",4.3084,4.35,4.277,4.35,2158,4.35
"1071",4.35,4.35,4.35,4.35,0,4.35
"1072",4.35,4.35,4.35,4.35,0,4.35
"1073",4.35,4.35,4.35,4.35,0,4.35
"1074",4.1795,4.354,4.1795,4.354,600,4.354
"1075",4.354,4.354,4.354,4.354,0,4.354
"1076",4.354,4.354,4.354,4.354,0,4.354
"1077",4.472,4.472,4.472,4.472,225,4.472
"1078",4.472,4.472,4.472,4.472,0,4.472
"1079",4.4,4.4,4.4,4.4,1005,4.4
"1080",4.4381,4.4381,4.4381,4.4381,49,4.4381
"1081",4.13,4.25,4.13,4.25,1053,4.25
"1082",4.245,4.245,4.09155,4.09155,157,4.09155
"1083",4.245,4.44745,4.245,4.44745,310,4.44745
"1084",4.44745,4.44745,4.44745,4.44745,0,4.44745
"1085",4.44745,4.44745,4.44745,4.44745,0,4.44745
"1086",4.474,4.474,4.474,4.474,6485,4.474
"1087",4.43,4.43,4.14,4.14,99,4.14
"1088",4.139,4.139,4.139,4.139,67,4.139
"1089",4.139,4.139,4.139,4.139,0,4.139
"1090",4.139,4.139,4.139,4.139,0,4.139
"1091",4.139,4.139,4.139,4.139,0,4.139
"1092",4.139,4.139,4.139,4.139,0,4.139
"1093",4.408,4.4574,4.408,4.4574,510,4.4574
"1094",4.29,4.29,4.24,4.24,42833,4.24
"1095",4.231,4.24,4.231,4.24,675,4.24
"1096",4,4,3.8,3.86,7300,3.86
"1097",3.9,3.9,3.9,3.9,600,3.9
"1098",3.95,3.95,3.892,3.892,500,3.892
"1099",3.957,3.957,3.845,3.845,2000,3.845
"1100",4.07,4.07,4.046,4.046,450,4.046
"1101",4.046,4.046,4.046,4.046,0,4.046
"1102",3.78,3.78,3.78,3.78,700,3.78
"1103",3.78,3.78,3.78,3.78,0,3.78
"1104",3.78,3.78,3.78,3.78,0,3.78
"1105",3.76,3.76,3.76,3.76,174,3.76
"1106",3.456,3.456,3.456,3.456,300,3.456
"1107",3.13,3.276,3.11,3.272,5150,3.272
"1108",3.3,3.3,3.3,3.3,800,3.3
"1109",3.3,3.3,3.3,3.3,0,3.3
"1110",3.706,3.706,3.706,3.706,50,3.706
"1111",3.706,3.706,3.706,3.706,0,3.706
"1112",3.272,3.272,3.272,3.272,1300,3.272
"1113",3.2925,3.2925,3.11,3.11,424,3.11
"1114",3.22,3.22,3.22,3.22,1000,3.22
"1115",3.38,3.462,3.38,3.462,130,3.462
"1116",3.49,3.49,3.27,3.27,1702,3.27
"1117",3.27,3.27,3.27,3.27,0,3.27
"1118",3.27,3.27,3.27,3.27,0,3.27
"1119",3.27,3.27,3.27,3.27,0,3.27
"1120",3.27,3.27,3.27,3.27,0,3.27
"1121",3.27,3.27,3.27,3.27,0,3.27
"1122",3.4,3.4,3.35,3.35,14660,3.35
"1123",3.35,3.35,3.35,3.35,0,3.35
"1124",3.5,3.5,3.47515,3.4882,746,3.4882
"1125",3.41,3.41,3.38,3.38,212,3.38
"1126",3.68,3.68,3.68,3.68,442,3.68
"1127",3.55,3.55,3.55,3.55,25,3.55
"1128",3.56,3.56,3.4637,3.4637,82,3.4637
"1129",3.43,3.4576,3.43,3.4576,433,3.4576
"1130",3.445,3.445,3.34,3.34,432,3.34
"1131",3.34,3.34,3.34,3.34,0,3.34
"1132",3.3288,3.3288,3.3288,3.3288,300,3.3288
"1133",3.31,3.31,3.27,3.27,2408,3.27
"1134",3.23,3.4,3.23,3.4,3370,3.4
"1135",3.267,3.267,3.267,3.267,1530,3.267
"1136",3.267,3.267,3.267,3.267,0,3.267
"1137",3.16,3.16,2.9916,3,5030,3
"1138",3.348,3.348,3.34,3.34,450,3.34
"1139",3.529,3.529,3.529,3.529,306,3.529
"1140",3.529,3.529,3.529,3.529,0,3.529
"1141",3.3693,3.3693,3.3,3.3,150,3.3
"1142",3.3,3.3,3.15,3.155,3350,3.155
"1143",3.1597,3.1597,3.1597,3.1597,40,3.1597
"1144",2.948,3.084,2.948,3.084,1026,3.084
"1145",3.084,3.084,3.084,3.084,0,3.084
"1146",3.05,3.06,3,3.06,2210,3.06
"1147",3.06,3.06,3.06,3.06,0,3.06
"1148",3.01977,3.02,2.83,3,9968,3
"1149",2.928,2.928,2.928,2.928,120,2.928
"1150",2.74,2.75,2.605,2.75,9210,2.75
"1151",2.75,2.75,2.75,2.75,0,2.75
"1152",2.89,2.89,2.856,2.856,1169,2.856
"1153",2.8414,2.8414,2.828,2.828,1130,2.828
"1154",2.828,2.828,2.828,2.828,0,2.828
"1155",2.828,2.828,2.817,2.817,280,2.817
"1156",2.817,2.817,2.817,2.817,0,2.817
"1157",2.9822,3.03,2.9,3.03,4080,3.03
"1158",3.2,3.2,3,3,3974,3
"1159",3.144,3.18409,3.11129,3.1506,20952,3.1506
"1160",3.21,3.315,3.2,3.3,51614,3.3
"1161",3.2,3.227,3.1,3.1,4300,3.1
"1162",3.161,3.161,2.97,3.1232,12321,3.1232
"1163",3.1232,3.1232,3.1232,3.1232,0,3.1232
"1164",3.09,3.09,3.09,3.09,100,3.09
"1165",3.03,3.225,3.03,3.225,3885,3.225
"1166",3.34,3.34,3.34,3.34,150,3.34
"1167",3.37,3.39,3.22,3.232,1655,3.232
"1168",3.45,3.45,3.4,3.4,2100,3.4
"1169",3.45,3.635,3.45,3.62,11849,3.62
"1170",3.5322,3.5322,3.48,3.5,17205,3.5
"1171",3.5,3.64,3.5,3.64,982,3.64
"1172",3.75,3.75,3.65,3.65,1000,3.65
"1173",3.82,3.82,3.59,3.59,18115,3.59
"1174",3.81,3.81,3.58,3.586,1422,3.586
"1175",3.825,3.825,3.756,3.756,2153,3.756
"1176",3.756,3.756,3.756,3.756,0,3.756
"1177",3.756,3.756,3.756,3.756,0,3.756
"1178",3.81,3.81,3.6452,3.6452,278,3.6452
"1179",3.7754,3.95,3.65,3.66,7339,3.66
"1180",3.79,4.02,3.79,4.02,1150,4.02
"1181",3.972,4.03,3.972,4.03,1725,4.03
"1182",3.98,3.98,3.8,3.8,13117,3.8
"1183",3.8,4,3.8,3.9609,25910,3.9609
"1184",3.8,4,3.7802,3.81,4061,3.81
"1185",3.954,3.962,3.9,3.9,1512,3.9
"1186",3.9,4.06,3.9,4.0071,3671,4.0071
"1187",4.198,4.3231,4.198,4.3,5766,4.3
"1188",4.39,4.39,4.13,4.13,4535,4.13
"1189",4.02,4.242,4.02,4.242,2610,4.242
"1190",4.168,4.2,4.03,4.10315,7869,4.10315
"1191",4.1,4.21,4.02,4.21,4100,4.21
"1192",4.28,4.294,4.1,4.28,19928,4.28
"1193",4.28,4.28,4.1,4.12,31548,4.12
"1194",4.42,4.42,4.17,4.394,6374,4.394
"1195",4.42,4.42,4.268,4.3,8063,4.3
"1196",4.23,4.444,4.22,4.35,8298,4.35
"1197",4.41,4.41,4.285,4.3,3316,4.3
"1198",4.328,4.328,4.225,4.285,8897,4.285
"1199",4.225,4.225,4.06,4.06,59603,4.06
"1200",4.218,4.225,4.18,4.225,10275,4.225
"1201",4.225,4.3,4.18,4.3,8107,4.3
"1202",4.2,4.22,4.099,4.099,5301,4.099
"1203",4.05,4.05,3.75,3.925,13895,3.925
"1204",3.7455,3.95,3.7455,3.95,25526,3.95
"1205",3.9,3.9,3.875,3.876,42640,3.876
"1206",3.88,3.93,3.72,3.7254,31853,3.7254
"1207",3.73,3.76,3.6,3.76,25606,3.76
"1208",3.76,3.76,3.66,3.676,87948,3.676
"1209",3.7692,3.8,3.7115,3.76,20565,3.76
"1210",3.775,3.8,3.775,3.8,30970,3.8
"1211",3.86,3.92,3.86,3.9,53264,3.9
"1212",3.86,3.866,3.845,3.845,3025,3.845
"1213",3.835,3.84,3.75,3.75401,40085,3.75401
"1214",3.76,3.78,3.69,3.69,38568,3.69
"1215",3.8,3.875,3.8,3.825,46600,3.825
"1216",3.88,3.88,3.88,3.88,11,3.88
"1217",3.82,3.82,3.71,3.71,26142,3.71
"1218",3.71,3.77,3.675,3.675,17592,3.675
"1219",3.75,3.75,3.675,3.675,13250,3.675
"1220",3.66,3.66,3.57,3.59,26894,3.59
"1221",3.586,3.586,3.55,3.58,1320,3.58
"1222",3.52,3.52,3.4,3.425,25108,3.425
"1223",3.395,3.46,3.35,3.382,13809,3.382
"1224",3.375,3.38,3.35,3.35,43429,3.35
"1225",3.48,3.5,3.4,3.5,49081,3.5
"1226",3.49,3.625,3.47,3.553,24870,3.553
"1227",3.67,3.67,3.53,3.6,16120,3.6
"1228",3.6,3.6,3.46,3.46,83148,3.46
"1229",3.47,3.52,3.44,3.52,4530,3.52
"1230",3.33,3.393,3.32,3.34,24985,3.34
"1231",3.38,3.38,3.34,3.375,5663,3.375
"1232",3.37,3.37,3.275,3.36,11978,3.36
"1233",3.36,3.385,3.3,3.385,31328,3.385
"1234",3.35,3.3665,3.335,3.34,7389,3.34
"1235",3.222,3.27,3.2,3.2185,9315,3.2185
"1236",3.28,3.28,3.21,3.215,7789,3.215
"1237",3.22,3.275,3.22,3.275,3306,3.275
"1238",3.3,3.3,3.28,3.28,12955,3.28
"1239",3.27,3.29,3.22,3.29,13638,3.29
"1240",3.22,3.3194,3.197,3.2,6573,3.2
"1241",3.1,3.1,3.04,3.1,4085,3.1
"1242",3.26,3.261,3.05,3.125,13848,3.125
"1243",3.28,3.36,3.242,3.31,3798,3.31
"1244",3.52,3.53,3.38,3.45,46266,3.45
"1245",3.52,3.52,3.448,3.475,4391,3.475
"1246",3.5,3.5,3.41,3.49,12182,3.49
"1247",3.53,3.58,3.53,3.54,48066,3.54
"1248",3.46,3.46,3.415,3.43,69681,3.43
"1249",3.4,3.415,3.346,3.415,31191,3.415
"1250",3.449,3.45,3.41,3.421,49133,3.421
"1251",3.77,3.77,3.68,3.715,114526,3.715
"1252",3.87,3.87,3.785,3.86,53289,3.86
"1253",3.92,3.94,3.89,3.918,58022,3.918
"1254",3.93,3.935,3.875,3.935,41172,3.935
"1255",3.94,3.94,3.87,3.88,22852,3.88
"1256",3.94,3.94,3.89,3.905,45917,3.905
"1257",3.92,3.925,3.87,3.9,44344,3.9
"1258",3.76,3.785,3.715,3.785,19044,3.785
"1259",3.85,3.915,3.84,3.9,22693,3.9
"1260",4.08,4.12,4.025,4.12,167677,4.12
"1261",4.17,4.24,4.12,4.2,226186,4.2
"1262",4.205,4.205,4.18,4.195,73927,4.195
"1263",4.11,4.12,4,4.025,63794,4.025
"1264",3.92,3.975,3.8,3.9522,70009,3.9522
"1265",3.81,3.815,3.705,3.796,51524,3.796
"1266",3.67,3.67,3.514,3.595,118546,3.595
"1267",3.52,3.66,3.46687,3.66,64644,3.66
"1268",3.66,3.66,3.631,3.659,14430,3.659
"1269",3.64,3.64,3.551,3.595,10646,3.595
"1270",3.659,3.751,3.659,3.75,55619,3.75
"1271",3.75,3.83,3.75,3.803,33456,3.803
"1272",3.62,3.62,3.425,3.55,79929,3.55
"1273",3.45,3.485,3.36,3.439,96790,3.439
"1274",3.42,3.44,3.36,3.439,15521,3.439
"1275",3.45,3.45,3.365,3.41,43908,3.41
"1276",3.425,3.47,3.35,3.42,48976,3.42
"1277",3.5,3.54,3.432,3.52,37547,3.52
"1278",3.43,3.445,3.35,3.445,46795,3.445
"1279",3.25,3.395,3.15,3.39,145552,3.39
"1280",3.112,3.2,3.05,3.18,111755,3.18
"1281",3.1,3.11,2.99,3.001,73590,3.001
"1282",3.1,3.2,3.055,3.15465,89596,3.15465
"1283",3.155,3.22,3.12,3.193,42407,3.193
"1284",3.38,3.38,3.3,3.376,19782,3.376
"1285",3.43,3.43,3.28,3.349,8780,3.349
"1286",3.3,3.35,3.28,3.35,8752,3.35
"1287",3.41,3.41,3.26,3.35,6536,3.35
"1288",3.29,3.38,3.28,3.33,13584,3.33
"1289",3.24,3.24,3.14,3.225,10146,3.225
"1290",3.22,3.22,3.105,3.169,9887,3.169
"1291",3.15,3.189,3.095,3.174,35200,3.174
"1292",3.28,3.28,3.185,3.2,7600,3.2
"1293",3.28,3.37,3.275,3.335,27273,3.335
"1294",3.21,3.27,3.125,3.22,12309,3.22
"1295",3.25,3.25,3.125,3.192,2131,3.192
"1296",3.25,3.25,3.14,3.245,15681,3.245
"1297",3.25,3.25,3.2,3.25,25544,3.25
"1298",3.321,3.321,3.27,3.27,2314,3.27
"1299",3.321,3.4,3.04,3.2795,56170,3.2795
"1300",3.374,3.4,3.3,3.3,58543,3.3
"1301",3.3,3.3,3.165,3.1875,30402,3.1875
"1302",3.185,3.185,3.12,3.16,30767,3.16
"1303",3.1,3.12,3.02,3.12,28096,3.12
"1304",3.12,3.125,3.051,3.06,12386,3.06
"1305",3.04,3.155,3.04,3.06,20336,3.06
"1306",3.165,3.175,3.164,3.175,3553,3.175
"1307",3.27,3.27,3.2,3.26,15141,3.26
"1308",3.05,3.17,3.05,3.15,29952,3.15
"1309",3.16,3.16,3.05,3.15,3916,3.15
"1310",3.1,3.135,3.02,3.13,39807,3.13
"1311",3.14,3.14,3,3.039,54300,3.039
"1312",3.15,3.15,3.03,3.075,26623,3.075
"1313",3.1,3.13,3.081,3.13,3271,3.13
"1314",3.14,3.14,3.0545,3.105,6732,3.105
"1315",3.043,3.13,3.043,3.129,6058,3.129
"1316",3.19,3.19,3.06,3.175,41809,3.175
"1317",3.14,3.175,3.09,3.16,14270,3.16
"1318",3.02,3.16,3.02,3.1,23189,3.1
"1319",3.065,3.1,3,3.05,8346,3.05
"1320",3.0266,3.14,3.0266,3.07,6548,3.07
"1321",3.1,3.15,3.1,3.135,1575,3.135
"1322",3.19,3.19,3.073,3.0739,16734,3.0739
"1323",3.08,3.15,3.03,3.15,2493,3.15
"1324",3.14,3.19,3.1,3.185,12045,3.185
"1325",3.259,3.275,3.19,3.2,10659,3.2
"1326",3.26,3.29,3.18,3.19,35488,3.19
"1327",3.197,3.197,3.165,3.17,75686,3.17
"1328",3.2,3.22,3.165,3.175,10067,3.175
"1329",3.199,3.2,3.125,3.2,18226,3.2
"1330",3.22,3.22,3.125,3.15,22320,3.15
"1331",3.14,3.195,3.105,3.135,42969,3.135
"1332",3.102,3.15,3.06,3.143,74564,3.143
"1333",2.99,3.02,2.9,2.965,172369,2.965
"1334",2.9,2.9,2.7,2.805,117782,2.805
"1335",2.805,2.825,2.745,2.8,17855,2.8
"1336",2.766,2.825,2.73,2.73,6776,2.73
"1337",2.72,2.78,2.7,2.7,20090,2.7
"1338",2.66,2.6835,2.61,2.683,56223,2.683
"1339",2.72,2.85,2.715,2.84,83388,2.84
"1340",2.68,2.725,2.62,2.7,75234,2.7
"1341",2.77,2.78,2.74,2.74,13116,2.74
"1342",2.81,2.81,2.755,2.755,7572,2.755
"1343",2.76,2.85,2.76,2.85,17228,2.85
"1344",2.848,2.938,2.825,2.9,28798,2.9
"1345",2.92,2.975,2.84,2.975,13777,2.975
"1346",3,3.03,2.75,3,50286,3
"1347",2.97,3.15,2.89,3.15,43605,3.15
"1348",3.175,3.35,3.15,3.35,37201,3.35
"1349",2.57,2.63,2.53,2.59,75369,2.59
"1350",2.5,2.5,2.32,2.43,110736,2.43
"1351",2.33,2.33,2.26,2.3,18895,2.3
"1352",2.32,2.35,2.264,2.29,33737,2.29
"1353",2.39,2.42,2.39,2.42,37061,2.42
"1354",2.42,2.42,2.16,2.18,50452,2.18
"1355",2.18,2.2,2.14,2.1799,45791,2.1799
"1356",2.04,2.06,2,2.059,105355,2.059
"1357",2.05,2.11,2.02,2.03,20753,2.03
"1358",2.08,2.1,2.04,2.04,53763,2.04
"1359",2.08,2.12,2.0602,2.11,34288,2.11
"1360",2.11,2.12,2.08,2.1099,10719,2.1099
"1361",2.04,2.04,2,2.03,112811,2.03
"1362",2.0205,2.07,2.02,2.04,45135,2.04
"1363",2.04,2.04,1.97,1.97,10388,1.97
"1364",2.03,2.07,2.03,2.07,14621,2.07
"1365",2.08,2.08,2.07,2.07,1708,2.07
"1366",2.0894,2.09,2.06,2.06,8654,2.06
"1367",2.05,2.0599,2,2.05,12965,2.05
"1368",2.0992,2.0992,2.02,2.025,10375,2.025
"1369",2,2,1.92,1.93,40246,1.93
"1370",1.87,1.88,1.81,1.86,41992,1.86
"1371",2.03,2.03,1.97,2,12499,2
"1372",2.01,2.01,1.9,1.93,19164,1.93
"1373",1.89,1.89,1.83,1.87,32066,1.87
"1374",1.81,1.82,1.76,1.81,39543,1.81
"1375",1.76,1.76,1.7199,1.74,43592,1.74
"1376",1.725,1.83,1.71,1.8299,40525,1.8299
"1377",1.8693,1.8693,1.76,1.81,20168,1.81
"1378",1.78,1.79,1.74,1.74,8848,1.74
"1379",1.77,1.79,1.77,1.78,5635,1.78
"1380",1.74,1.78,1.74,1.774,22406,1.774
"1381",1.74,1.74,1.68,1.7,61885,1.7
"1382",1.64,1.68,1.59,1.68,36915,1.68
"1383",1.6,1.63,1.6,1.6,10050,1.6
"1384",1.62,1.64,1.59,1.64,9660,1.64
"1385",1.67,1.74,1.67,1.69,5655,1.69
"1386",1.71,1.76,1.7,1.71,52211,1.71
"1387",1.73,1.73,1.73,1.73,1043,1.73
"1388",1.72,1.72,1.68,1.68,22944,1.68
"1389",1.673,1.6825,1.65,1.65,55370,1.65
"1390",1.7,1.73,1.69,1.73,68998,1.73
"1391",1.69,1.69,1.66,1.66,40638,1.66
"1392",1.65,1.66,1.6,1.61,5538,1.61
"1393",1.56,1.56,1.52,1.54,58756,1.54
"1394",1.56,1.56,1.56,1.56,22500,1.56
"1395",1.635,1.69,1.63,1.64,17538,1.64
"1396",1.635,1.635,1.6212,1.6212,2140,1.6212
"1397",1.6,1.61,1.57,1.58,20544,1.58
"1398",1.54,1.54,1.48,1.51,46564,1.51
"1399",1.52,1.61,1.52,1.588,19562,1.588
"1400",1.39,1.41,1.36,1.38,197758,1.38
"1401",1.3195,1.338,1.29,1.32,50792,1.32
"1402",1.27,1.3,1.25,1.29,32926,1.29
"1403",1.25,1.25,1.2,1.21,16322,1.21
"1404",1.17,1.17,1.13,1.13,60438,1.13
"1405",1.16,1.18,1.13,1.1499,20973,1.1499
"1406",1.19,1.21,1.17,1.17,44187,1.17
"1407",1.17,1.19,1.151,1.19,817,1.19
"1408",1.12,1.12,1.06,1.06,36004,1.06
"1409",1.07,1.1,1.07,1.1,35078,1.1
"1410",1.13,1.15,1.12,1.145,30091,1.145
"1411",1.14,1.16,1.14,1.14,2357,1.14
"1412",1.3,1.33,1.3,1.315,47366,1.315
"1413",1.314,1.314,1.29,1.2995,5132,1.2995
"1414",1.305,1.325,1.305,1.31,9231,1.31
"1415",1.33,1.33,1.28,1.28,2971,1.28
"1416",1.25,1.28,1.25,1.28,3657,1.28
"1417",1.27,1.2885,1.27,1.28,3989,1.28
"1418",1.314,1.32,1.31,1.32,10672,1.32
"1419",1.32,1.32,1.31,1.31,2806,1.31
"1420",1.3175,1.3175,1.26,1.28,30293,1.28
"1421",1.28,1.33,1.28,1.33,7193,1.33
"1422",1.29,1.29,1.24,1.24,1293,1.24
"1423",1.202,1.25,1.2,1.205,22652,1.205
"1424",1.19,1.19,1.14,1.14,52689,1.14
"1425",1.192,1.22,1.192,1.2,8687,1.2
"1426",1.19,1.22,1.19,1.1975,12256,1.1975
"1427",1.18,1.19,1.18,1.181,2310,1.181
"1428",1.1325,1.145,1.1325,1.14,1683,1.14
"1429",1.16,1.18,1.15,1.1515,13684,1.1515
"1430",1.22,1.245,1.22,1.2255,21118,1.2255
"1431",1.23,1.23,1.18,1.18,72932,1.18
"1432",1.22,1.23,1.22,1.23,3100,1.23
"1433",1.23,1.23,1.19,1.2075,16809,1.2075
"1434",1.2285,1.23,1.21,1.21,5123,1.21
"1435",1.24,1.2424,1.2236,1.23,122710,1.23
"1436",1.3,1.37,1.3,1.3425,58172,1.3425
"1437",1.35,1.35,1.33,1.35,39860,1.35
"1438",1.34,1.34,1.28,1.3,30622,1.3
"1439",1.26,1.28,1.25,1.2725,3060,1.2725
"1440",1.17,1.19,1.1415,1.18,44820,1.18
"1441",1.15,1.16,1.12,1.16,12655,1.16
"1442",1.12,1.12,1.08,1.11775,25104,1.11775
"1443",1.1,1.11,1.08,1.11,21239,1.11
"1444",1.11,1.13,1.09,1.11775,54470,1.11775
"1445",1.13,1.13,1.08,1.0815,7806,1.0815
"1446",1.083,1.083,1.083,1.083,5031,1.083
"1447",1.095,1.127,1.09,1.127,1030,1.127
"1448",1.12,1.12,1.1,1.1,6254,1.1
"1449",1.1025,1.14,1.09,1.14,4116,1.14
"1450",1.14,1.14,1.09,1.11,25890,1.11
"1451",1.13,1.14,1.13,1.14,16110,1.14
"1452",1.13,1.15,1.12,1.12,108326,1.12
"1453",1.15,1.21,1.15,1.17375,21807,1.17375
"1454",1.215,1.24,1.19,1.24,16645,1.24
"1455",1.24,1.26,1.22,1.259,3590,1.259
"1456",1.185,1.25,1.16,1.25,19255,1.25
"1457",1.215,1.24,1.204,1.21,6687,1.21
"1458",1.23,1.23,1.22,1.22,12199,1.22
"1459",1.24,1.272,1.24,1.24925,11932,1.24925
"1460",1.25,1.25,1.24,1.245,5932,1.245
"1461",1.25,1.25,1.232,1.24,4342,1.24
"1462",1.21,1.26,1.21,1.26,16980,1.26
"1463",1.45,1.45,1.398,1.424,41704,1.424
"1464",1.46,1.49,1.43,1.46,47020,1.46
"1465",1.54,1.59,1.52,1.56,25895,1.56
"1466",1.58,1.58,1.55,1.58,21106,1.58
"1467",1.67,1.69,1.65,1.67,45272,1.67
"1468",1.66,1.66,1.605,1.615,8413,1.615
"1469",1.6855,1.6855,1.6525,1.66,6710,1.66
"1470",1.77225,1.84,1.77225,1.8,25421,1.8
"1471",1.9,1.9,1.8,1.85,43046,1.85
"1472",1.75,1.75,1.718,1.74,49794,1.74
"1473",1.76,1.76,1.7,1.75,12887,1.75
"1474",1.81,1.86,1.79,1.8,13389,1.8
"1475",1.86,1.89,1.8,1.83,6646,1.83
"1476",1.79,1.8,1.75,1.8,20732,1.8
"1477",1.75,1.81,1.75,1.75,10762,1.75
"1478",1.785,1.81,1.77,1.77,6798,1.77
"1479",1.75,1.84,1.7145,1.83,17400,1.83
"1480",1.852,1.935,1.852,1.9,89378,1.9
"1481",1.9,1.99,1.9,1.93,18503,1.93
"1482",1.93,1.98,1.91,1.97625,39752,1.97625
"1483",1.96,1.96,1.9,1.95,58699,1.95
"1484",1.85,1.91,1.85,1.86,11376,1.86
"1485",1.86,1.93,1.86,1.89,11645,1.89
"1486",1.83,1.83,1.71,1.75,38994,1.75
"1487",1.7,1.78,1.7,1.716,14648,1.716
"1488",1.78,1.78,1.711,1.711,4302,1.711
"1489",1.711,1.711,1.711,1.711,0,1.711
"1490",1.7,1.74,1.66,1.74,6701,1.74
"1491",1.75,1.75,1.73,1.74,2357,1.74
"1492",1.94,1.96,1.92,1.96,46347,1.96
"1493",1.95,1.96,1.95,1.96,17210,1.96
"1494",2.06,2.1,2.06,2.07,55395,2.07
"1495",2.055,2.08,2.05,2.056,15190,2.056
"1496",2.075,2.2,2.075,2.16,70122,2.16
"1497",2.14,2.14,2.09,2.12,19544,2.12
"1498",2.055,2.11,2.055,2.06,3937,2.06
"1499",2.03,2.11,2.03,2.05,24850,2.05
"1500",2.1,2.17,2.1,2.14,12150,2.14
"1501",2.195,2.24,2.12,2.125,31205,2.125
"1502",2.175,2.2,2.17,2.2,37002,2.2
"1503",2.2,2.2,2.165,2.165,1883,2.165
"1504",2.18,2.2,2.18,2.18,11175,2.18
"1505",2.19,2.23,2.18,2.21,19991,2.21
"1506",2.22,2.26,2.18,2.18,11986,2.18
"1507",2.2,2.27,2.2,2.24,17663,2.24
"1508",2.28,2.29,2.2,2.2,56580,2.2
"1509",2.25,2.25,2.19,2.21,7538,2.21
"1510",2.22,2.22,2.18,2.19,16625,2.19
"1511",2.24,2.24,2.17,2.18,26076,2.18
"1512",2.19,2.2,2.13,2.2,33532,2.2
"1513",2.17,2.23,2.17,2.18,40236,2.18
"1514",2.17,2.23,2.131,2.131,4458,2.131
"1515",2.222,2.222,2.205,2.22,6185,2.22
"1516",2.19,2.19,2.1,2.15,7600,2.15
"1517",2.12,2.17,2.1,2.17,23200,2.17
"1518",2.175,2.175,2.15,2.15,700,2.15
"1519",2.11,2.11,2.04,2.09,65939,2.09
"1520",2.23,2.3,2.23,2.3,19015,2.3
"1521",2.33,2.33,2.21,2.22,54459,2.22
"1522",2.34,2.35,2.3,2.3,17567,2.3
"1523",2.32,2.32,2.29,2.29,12618,2.29
"1524",2.3,2.41,2.3,2.37,33538,2.37
"1525",2.32,2.37,2.32,2.35,30920,2.35
"1526",2.3,2.3,2.25,2.28,5500,2.28
"1527",2.285,2.33,2.22,2.28,27577,2.28
"1528",2.28,2.29,2.24,2.24,9133,2.24
"1529",2.245,2.245,2.2,2.21,21743,2.21
"1530",2.17,2.23,2.17,2.23,7940,2.23
"1531",2.3548,2.43,2.31,2.35,42674,2.35
"1532",2.35,2.35,2.334,2.34,4331,2.34
"1533",2.4799,2.52,2.44,2.44,86475,2.44
"1534",2.53,2.82,2.53,2.725,275343,2.725
"1535",2.67,2.77,2.6595,2.7315,156223,2.7315
"1536",2.59,2.59,2.48,2.48,63596,2.48
"1537",2.55,2.63,2.54,2.595,35736,2.595
"1538",2.6,2.6265,2.55,2.61,12725,2.61
"1539",2.61,2.63,2.56,2.56,7625,2.56
"1540",2.74,2.74,2.61,2.62,31859,2.62
"1541",2.775,2.81,2.68,2.77,64144,2.77
"1542",2.78,2.78,2.72,2.73,19392,2.73
"1543",2.779,2.8,2.75,2.75,46790,2.75
"1544",2.8,2.82,2.77,2.8,12644,2.8
"1545",2.8,2.8,2.76,2.76,2000,2.76
"1546",2.76,2.81,2.7,2.77,44049,2.77
"1547",2.74,2.74,2.68,2.695,19760,2.695
"1548",2.61,2.61,2.53,2.55,15963,2.55
"1549",2.51,2.55,2.48,2.505,68834,2.505
"1550",2.65,2.72,2.64,2.685,20204,2.685
"1551",2.66,2.66,2.57,2.6,33064,2.6
"1552",2.7,2.7,2.66,2.66,10331,2.66
"1553",2.64,2.71,2.6,2.71,11614,2.71
"1554",2.69,2.74,2.68,2.7,17883,2.7
"1555",2.75,2.76,2.71,2.735,17331,2.735
"1556",2.73,2.73,2.635,2.64,21215,2.64
"1557",2.72,2.74,2.68,2.74,3966,2.74
"1558",2.83,2.83,2.74,2.79,39836,2.79
"1559",2.77,2.77,2.6,2.6,25056,2.6
"1560",2.54,2.54,2.45,2.47,45505,2.47
"1561",2.602,2.7,2.6,2.68,23599,2.68
"1562",2.59,2.6,2.501,2.526,7341,2.526
"1563",2.5,2.5,2.45,2.48,50226,2.48
"1564",2.45,2.5,2.4,2.44,75889,2.44
"1565",2.47,2.59,2.47,2.49,5500,2.49
"1566",2.646,2.67,2.6,2.632,6771,2.632
"1567",2.68,2.69,2.63,2.66,6539,2.66
"1568",2.64,2.68,2.64,2.64,10900,2.64
"1569",2.635,2.635,2.6,2.6,14483,2.6
"1570",2.6,2.6,2.56,2.58,4000,2.58
"1571",2.57,2.61,2.57,2.61,1680,2.61
"1572",2.7,2.7,2.61,2.67,4153,2.67
"1573",2.75,2.75,2.7,2.75,15840,2.75
"1574",2.8,2.85,2.8,2.82,29351,2.82
"1575",2.85,2.9,2.81,2.86,21771,2.86
"1576",2.92,2.94,2.86,2.9,39599,2.9
"1577",2.9,2.9,2.85,2.87,25095,2.87
"1578",2.85,2.87,2.82,2.83,5999,2.83
"1579",2.7,2.73,2.6,2.659,150794,2.659
"1580",2.64,2.64,2.56,2.62,14471,2.62
"1581",2.57,2.61,2.51,2.57,18820,2.57
"1582",2.58,2.65,2.55,2.55,11159,2.55
"1583",2.52,2.64,2.52,2.56,12384,2.56
"1584",2.48,2.48,2.4,2.41,49506,2.41
"1585",2.31,2.38,2.23,2.33,40477,2.33
"1586",2.21,2.21,2.11,2.2,87237,2.2
"1587",2.14,2.18,2.12,2.18,44129,2.18
"1588",2.17,2.24,2.17,2.24,5838,2.24
"1589",2.42,2.42,2.35,2.42,7680,2.42
"1590",2.42,2.46,2.372,2.372,21694,2.372
"1591",2.49,2.49,2.46,2.46,2080,2.46
"1592",2.51,2.6,2.49,2.6,2020,2.6
"1593",2.42,2.53,2.42,2.45,7863,2.45
"1594",2.58,2.636,2.5601,2.5601,25593,2.5601
"1595",2.56,2.56,2.5,2.5,22927,2.5
"1596",2.6,2.75,2.6,2.702,124261,2.702
"1597",2.72,2.86,2.72,2.8,110588,2.8
"1598",2.82,2.88,2.82,2.88,46611,2.88
"1599",2.76,2.78,2.6,2.73,121600,2.73
"1600",2.7,2.805,2.7,2.785,17813,2.785
"1601",2.905,2.93,2.85,2.92,82626,2.92
"1602",2.965,2.97,2.885,2.93,42627,2.93
"1603",2.78,2.8101,2.775,2.79,38170,2.79
"1604",2.79,2.82,2.76,2.76,30870,2.76
"1605",2.8,2.9,2.8,2.87,59391,2.87
"1606",2.95,2.95,2.875,2.875,10630,2.875
"1607",2.87,2.95,2.87,2.9,7299,2.9
"1608",2.87,2.9,2.87,2.87,28133,2.87
"1609",2.9,2.9,2.75,2.9,2273,2.9
"1610",2.9,2.935,2.84,2.866,61209,2.866
"1611",2.94,2.95,2.89,2.91,50360,2.91
"1612",3,3.08,2.99,3.08,63825,3.08
"1613",3.01,3.05,2.97,3.05,12032,3.05
"1614",3.05,3.07,3,3.005,19596,3.005
"1615",2.99,3.05,2.95,2.98,10295,2.98
"1616",2.98,3,2.97,3,11645,3
"1617",2.98,3.09,2.961,2.98,49425,2.98
"1618",3.07,3.07,2.951,2.98,45934,2.98
"1619",2.97,2.98,2.92,2.93,25985,2.93
"1620",2.87,2.88,2.75,2.849,137272,2.849
"1621",2.7,2.75,2.7,2.74,7134,2.74
"1622",2.68,2.71,2.67,2.67,14242,2.67
"1623",2.69,2.76,2.69,2.75,7352,2.75
"1624",2.65,2.66,2.6,2.65,4653,2.65
"1625",2.76,2.78,2.69,2.7,25500,2.7
"1626",NA,NA,NA,NA,NA,NA
"1627",2.93,2.99,2.91,2.98,40604,2.98
"1628",3,3.025,2.982,2.982,32568,2.982
"1629",3.06,3.06,2.98,2.99,24470,2.99
"1630",3.1,3.1,3.03,3.049,12034,3.049
"1631",3.05,3.07,3.04,3.04,13771,3.04
"1632",3.015,3.06,3,3.06,14580,3.06
"1633",3.08,3.12,3.08,3.12,78267,3.12
"1634",3.13,3.2,3.13,3.15,67172,3.15
"1635",3.18,3.27,3.18,3.25,34075,3.25
"1636",3.21,3.21,3.15,3.16,5474,3.16
"1637",3.16,3.25,3.16,3.2,21552,3.2
"1638",3.201,3.25,3.2,3.23,29520,3.23
"1639",3.25,3.31,3.25,3.3,57079,3.3
"1640",3.3,3.36,3.3,3.36,43473,3.36
"1641",3.34,3.41,3.286,3.35,44193,3.35
"1642",3.36,3.45,3.29,3.45,29971,3.45
"1643",3.36,3.38,3.25,3.3401,58912,3.3401
"1644",3.24,3.31,3.23,3.25,64279,3.25
"1645",3.21,3.21,3.05,3.076,51033,3.076
"1646",3.14,3.2,3.14,3.2,31368,3.2
"1647",3.18,3.18,3.045,3.1,23475,3.1
"1648",3.07,3.1,2.9525,3.05,41455,3.05
"1649",3.13,3.15,3.08,3.11,56685,3.11
"1650",3.134,3.15,3.125,3.15,20825,3.15
"1651",3.32,3.4,3.3,3.345,47594,3.345
"1652",3.25,3.39,3.25,3.32,8595,3.32
"1653",3.315,3.41,3.315,3.4,25255,3.4
"1654",3.475,3.5,3.44,3.44,14270,3.44
"1655",3.42,3.42,3.28,3.33,131908,3.33
"1656",3.34,3.42,3.34,3.37,18754,3.37
"1657",3.35,3.45,3.35,3.44,2298,3.44
"1658",3.48,3.5,3.45,3.49,25328,3.49
"1659",3.49,3.49,3.31,3.42,20476,3.42
"1660",3.42,3.44,3.38,3.4,20310,3.4
"1661",3.44,3.44,3.3899,3.3899,4242,3.3899
"1662",3.35,3.4,3.28,3.3,26550,3.3
"1663",3.2,3.28,3.2,3.26,38607,3.26
"1664",3.255,3.314,3.25,3.314,10850,3.314
"1665",3.295,3.3,3.26,3.28,1403,3.28
"1666",3.25,3.25,3.24,3.24,2934,3.24
"1667",3.195,3.22,3.11,3.155,21195,3.155
"1668",3.11,3.2,3.11,3.2,741,3.2
"1669",3.16,3.30425,3.16,3.25,2173,3.25
"1670",3.3,3.33,3.3,3.33,2129,3.33
"1671",3.35,3.4,3.25,3.29,5891,3.29
"1672",3.25,3.3,3.226,3.3,26054,3.3
"1673",3.22,3.224,3.15,3.18,12730,3.18
"1674",3.28,3.28,3.28,3.28,3001,3.28
"1675",3.25,3.35,3.25,3.35,7037,3.35
"1676",3.15,3.3,3.15,3.28,16915,3.28
"1677",3.3,3.3,3.25,3.25,3754,3.25
"1678",3.3,3.3,3.205,3.205,2913,3.205
"1679",3.255,3.255,3.21,3.21,4415,3.21
"1680",3.3,3.35,3.2842,3.34,18424,3.34
"1681",3.41,3.41,3.296,3.32,45185,3.32
"1682",3.44,3.44,3.301,3.38,20829,3.38
"1683",3.38,3.41,3.306,3.4,31332,3.4
"1684",3.2,3.34,3.2,3.31,6950,3.31
"1685",3.2,3.3,3.2,3.25,97767,3.25
"1686",3.26,3.32,3.23,3.23,35525,3.23
"1687",3.2,3.23,3.15,3.23,6989,3.23
"1688",3.15,3.2,3.15,3.17,7955,3.17
"1689",3.15,3.1975,3.15,3.1975,6041,3.1975
"1690",3.2,3.2,3.15,3.17,51663,3.17
"1691",3.23,3.23,3.12,3.21,6217,3.21
"1692",3.23,3.34,3.23,3.34,16877,3.34
"1693",3.3,3.31,3.3,3.3,2693,3.3
"1694",3.35,3.35,3.25,3.312,20882,3.312
